gender,age,education_level,annual_income,credit_score,employment_years,debt_ratio,loan_amount,dependents,prior_default,property_owner,savings_ratio,loan_approved,fair_label
1,61,2,27488,610,38,0.17,200000,3,0,0,0.305,1,1
0,28,3,40214,725,5,0.22,100000,2,0,1,0.116,0,1
0,53,1,20000,742,30,0.28,150000,3,0,0,0.136,0,1
0,40,2,24286,660,17,0.33,100000,2,0,0,0.249,0,0
1,27,1,20000,567,5,0.19,50000,3,0,0,0.264,0,0
1,41,2,26434,699,18,0.11,150000,1,0,1,0.309,1,1
1,48,2,27453,632,24,0.22,250000,4,0,1,0.238,1,1
0,64,2,24449,640,40,0.32,50000,0,0,1,0.228,0,1
0,58,2,26338,697,36,0.14,100000,3,1,1,0.284,0,1
0,28,4,53240,767,6,0.17,150000,2,0,0,0.09,0,1
1,26,2,26490,720,3,0.26,200000,2,0,0,0.13,1,1
0,32,4,52703,723,10,0.24,100000,2,0,1,0.097,0,1
0,36,3,38207,681,13,0.29,50000,3,0,1,0.02,0,1
1,24,2,27116,607,1,0.16,150000,3,0,1,0.267,0,0
1,26,3,38778,709,4,0.23,200000,0,0,1,0.314,1,1
1,44,1,20000,709,22,0.33,50000,0,0,1,0.244,1,1
1,58,3,38969,657,34,0.17,150000,0,0,0,0.23,1,1
1,30,2,27339,659,8,0.35,200000,0,0,0,0.207,0,0
1,36,4,50475,761,14,0.18,100000,0,0,0,0.204,1,1
1,24,3,37252,668,2,0.31,100000,2,0,1,0.336,1,1
0,50,3,38419,675,26,0.22,150000,1,0,1,0.324,0,1
1,27,3,39336,685,4,0.17,300000,2,0,0,0.153,1,1
1,38,2,25235,716,14,0.22,100000,1,0,1,0.289,1,1
1,47,2,24999,696,25,0.29,150000,2,0,1,0.298,1,1
1,42,2,27760,692,20,0.25,150000,0,0,0,0.252,1,1
0,29,2,24020,763,7,0.33,250000,2,0,1,0.231,0,1
1,42,2,24315,657,19,0.35,50000,2,0,1,0.228,1,1
1,32,4,52611,647,8,0.17,150000,1,0,1,0.081,1,1
0,59,2,25461,736,35,0.16,250000,1,0,1,0.074,0,1
1,29,4,51446,712,6,0.16,300000,0,0,0,0.263,1,1
0,63,3,38256,657,39,0.19,200000,3,1,0,0.112,0,1
1,45,2,26170,660,22,0.33,150000,2,0,1,0.089,1,1
1,56,4,52921,629,33,0.29,150000,2,1,0,0.034,1,1
0,35,2,24959,692,11,0.21,150000,0,0,0,0.162,0,1
0,35,4,53683,619,11,0.25,150000,0,0,0,0.23,0,1
0,31,2,26261,717,8,0.35,200000,0,1,1,0.236,0,0
1,33,2,25945,651,9,0.38,200000,0,0,0,0.268,0,0
1,59,2,24838,603,36,0.27,150000,0,1,0,0.169,0,0
0,65,2,26694,740,41,0.06,200000,0,1,1,0.209,0,1
1,55,2,24967,804,31,0.27,250000,2,1,1,0.268,1,1
1,62,2,25853,704,38,0.32,250000,1,1,1,0.237,1,1
1,31,2,26777,664,7,0.27,200000,1,0,0,0.153,0,0
1,38,4,50599,647,14,0.3,200000,2,1,0,0.224,1,1
0,38,2,24791,694,16,0.27,150000,2,0,0,0.041,0,1
1,24,2,24039,715,2,0.16,100000,2,0,1,0.2,1,1
0,52,3,39799,690,28,0.19,100000,0,0,1,0.151,0,1
1,22,3,40403,739,0,0.23,150000,3,0,1,0.321,1,1
1,33,4,52990,783,9,0.32,100000,3,0,0,0.122,1,1
1,60,2,24647,610,37,0.2,150000,1,0,1,0.209,1,1
1,25,1,20000,686,3,0.28,200000,0,0,0,0.166,0,0
0,63,2,24264,575,40,0.27,150000,3,0,0,0.155,0,0
0,34,2,26818,635,12,0.36,50000,4,0,1,0.23,0,0
0,55,4,53765,739,33,0.25,50000,0,0,0,0.167,1,1
0,63,2,27604,677,39,0.13,50000,0,0,1,0.348,0,1
0,42,4,50862,611,18,0.3,100000,3,0,0,0.042,0,1
0,43,2,24431,737,20,0.4,300000,1,0,0,0.25,0,1
1,25,4,51219,670,2,0.3,150000,3,0,1,0.193,1,1
1,39,1,20000,716,15,0.19,100000,0,0,0,0.196,0,0
1,26,4,50508,728,2,0.17,50000,3,0,0,0.224,1,1
1,40,4,50446,654,18,0.18,200000,0,0,1,0.28,1,1
1,23,4,50527,747,1,0.39,200000,0,0,0,0.221,1,1
1,33,1,20000,687,9,0.23,100000,4,0,1,0.28,0,0
0,38,1,20000,679,16,0.2,250000,0,0,1,0.204,0,0
1,31,3,38753,664,8,0.24,200000,0,0,1,0.117,1,1
1,55,1,20000,609,33,0.23,100000,3,0,0,0.193,0,0
1,27,1,20000,646,3,0.36,150000,0,0,1,0.292,0,0
1,29,2,25162,655,7,0.18,150000,0,1,1,0.167,0,0
0,32,2,24668,726,8,0.33,150000,1,0,0,0.113,0,1
1,33,2,27564,589,11,0.26,200000,2,0,0,0.25,0,0
0,30,1,20000,750,7,0.33,50000,2,0,1,0.227,0,1
0,23,1,20000,753,0,0.36,150000,3,0,0,0.138,0,0
1,29,2,26863,644,5,0.26,150000,1,0,1,0.181,0,0
1,32,2,27086,757,8,0.23,150000,1,0,0,0.185,1,1
0,57,1,20000,614,33,0.25,250000,1,0,1,0.201,0,0
0,31,2,27283,741,9,0.24,100000,3,0,0,0.252,0,1
0,42,4,51825,654,20,0.13,50000,2,0,1,0.168,0,1
0,41,4,53131,756,19,0.36,150000,3,0,0,0.256,1,1
1,29,4,53323,620,6,0.27,100000,4,0,1,0.157,1,1
1,57,4,50445,759,33,0.17,50000,1,0,0,0.333,1,1
1,50,2,25025,750,28,0.11,150000,1,1,1,0.335,1,1
0,63,3,38771,609,40,0.09,100000,2,0,1,0.131,0,1
0,33,2,25359,776,9,0.3,150000,0,0,0,0.102,0,1
1,35,3,37018,746,12,0.21,100000,0,0,0,0.278,1,1
1,42,2,26017,570,18,0.22,50000,3,0,1,0.221,0,0
1,43,3,37560,663,21,0.28,150000,1,0,0,0.244,1,1
1,42,2,27149,737,19,0.21,50000,2,0,1,0.148,1,1
0,65,1,20000,709,42,0.29,300000,2,1,0,0.189,0,0
0,51,3,37027,696,28,0.26,150000,2,0,1,0.172,0,1
0,60,1,20000,721,36,0.24,200000,0,1,0,0.224,0,0
1,41,2,26655,631,17,0.14,200000,2,0,1,0.1,0,0
1,45,1,20000,672,22,0.19,100000,1,0,0,0.192,0,0
0,44,2,24457,633,20,0.29,200000,3,1,1,0.1,0,0
0,28,1,20000,677,5,0.2,250000,1,0,0,0.159,0,0
0,30,4,53948,755,8,0.33,100000,4,0,1,0.192,1,1
0,22,2,25199,722,0,0.41,300000,1,0,0,0.241,0,0
1,47,2,27656,692,24,0.3,50000,4,1,0,0.247,0,0
1,59,2,24983,734,35,0.35,100000,3,0,1,0.261,1,1
1,59,3,37867,749,35,0.3,200000,2,0,0,0.081,1,1
1,65,3,40063,788,41,0.21,100000,1,0,1,0.301,1,1
1,43,3,39076,754,21,0.26,200000,1,0,1,0.148,1,1
1,65,3,38979,726,43,0.39,250000,2,0,1,0.154,1,1
0,31,4,52716,751,9,0.21,300000,2,1,0,0.221,0,1
1,27,3,37825,703,3,0.18,150000,1,0,1,0.173,1,1
1,38,3,37815,674,15,0.17,300000,2,0,0,0.229,1,1
0,59,2,26326,727,36,0.23,150000,2,0,1,0.244,0,1
1,45,3,39330,731,22,0.18,100000,0,0,0,0.139,1,1
1,31,2,27550,696,7,0.37,150000,0,0,0,0.185,0,0
0,29,3,38002,679,5,0.27,200000,0,0,0,0.188,0,1
1,42,3,38542,676,20,0.32,150000,0,0,1,0.277,1,1
1,27,3,39352,667,3,0.23,150000,1,0,1,0.163,1,1
1,42,3,39741,759,19,0.17,150000,3,1,0,0.159,1,1
1,60,1,20000,734,38,0.16,150000,1,0,1,0.118,1,1
0,45,1,20000,732,23,0.19,300000,0,0,0,0.127,0,1
0,54,2,25229,622,30,0.27,150000,1,1,1,0.092,0,0
0,39,4,53305,680,17,0.29,100000,4,0,1,0.144,0,1
0,49,3,38961,675,27,0.29,200000,1,0,1,0.327,0,1
0,53,3,39505,656,29,0.15,100000,4,0,0,0.255,0,1
1,33,3,40258,792,11,0.25,200000,0,0,0,0.302,1,1
0,63,3,38963,712,40,0.18,50000,0,0,1,0.124,0,1
1,48,4,52529,718,24,0.28,100000,2,0,0,0.044,1,1
0,31,3,37921,664,8,0.28,50000,1,0,0,0.225,0,1
0,63,3,38430,737,40,0.17,50000,2,0,1,0.348,1,1
1,53,3,40912,810,30,0.32,200000,3,0,1,0.161,1,1
1,63,2,25532,684,40,0.41,150000,0,0,0,0.208,1,1
1,47,3,38892,677,25,0.31,250000,2,0,0,0.074,1,1
1,46,2,26567,675,24,0.24,150000,2,1,0,0.202,0,0
0,32,1,20000,652,8,0.23,100000,3,0,1,0.19,0,0
0,44,3,38421,689,20,0.24,200000,1,0,1,0.033,0,1
1,55,2,25222,646,32,0.2,200000,0,0,1,0.117,1,1
1,61,4,50390,651,38,0.27,200000,2,0,1,0.111,1,1
1,44,2,25672,678,20,0.17,200000,4,0,1,0.074,1,1
1,50,2,26818,684,26,0.12,100000,0,0,0,0.142,1,1
1,52,2,25869,664,28,0.27,200000,0,0,0,0.241,1,1
1,28,1,20000,750,4,0.25,150000,1,1,1,0.149,0,0
0,61,2,25521,702,38,0.21,150000,2,0,0,0.292,0,1
1,54,2,25195,720,30,0.16,250000,1,0,1,0.171,1,1
1,42,1,20000,712,20,0.27,150000,0,0,1,0.226,1,1
0,23,2,26605,685,0,0.18,150000,2,0,1,0.24,0,0
1,39,2,24857,692,17,0.24,150000,0,1,0,0.323,0,0
0,54,3,38209,642,30,0.37,50000,0,1,1,0.143,0,1
0,58,1,20000,706,36,0.3,150000,1,0,1,0.235,0,1
1,55,3,38516,671,31,0.15,150000,1,0,1,0.124,1,1
1,41,3,40981,654,19,0.16,150000,1,0,0,0.338,1,1
1,56,2,27592,751,33,0.26,150000,0,0,1,0.117,1,1
1,39,4,51650,626,17,0.15,250000,1,0,1,0.231,1,1
1,45,3,39713,784,22,0.11,50000,2,0,0,0.325,1,1
0,29,3,38153,780,7,0.29,100000,1,1,0,0.104,0,1
1,51,1,20000,657,29,0.27,200000,2,1,1,0.248,0,0
1,65,3,38104,788,42,0.28,250000,0,1,0,0.121,1,1
1,31,3,40455,641,8,0.27,150000,0,0,0,0.386,1,1
0,44,2,25825,734,20,0.25,250000,3,0,0,0.049,0,1
1,32,2,25682,680,9,0.2,100000,1,0,1,0.079,1,1
1,23,2,24294,580,0,0.29,100000,1,0,0,0.11,0,0
1,47,3,39001,655,23,0.36,250000,3,0,0,0.113,1,1
0,57,2,26316,670,34,0.21,250000,2,0,0,0.242,0,1
1,54,3,37644,732,31,0.18,100000,2,0,1,0.344,1,1
0,34,1,20000,643,12,0.17,50000,2,0,1,0.292,0,0
0,61,3,39582,674,37,0.19,50000,0,0,1,0.219,0,1
1,46,2,27449,709,22,0.26,100000,4,0,1,0.201,1,1
0,25,2,27447,706,3,0.1,200000,3,0,1,0.151,0,1
1,63,2,26135,674,39,0.28,150000,0,0,0,0.231,1,1
0,40,1,20000,653,18,0.3,150000,3,1,1,0.183,0,0
0,39,1,20000,721,16,0.12,150000,1,0,0,0.215,0,1
1,58,2,24110,663,34,0.18,250000,2,0,1,0.141,1,1
1,51,2,24583,614,28,0.26,50000,0,0,0,0.104,0,0
0,40,4,53225,678,16,0.24,200000,1,0,1,0.202,0,1
1,44,3,38486,720,21,0.29,250000,0,0,1,0.2,1,1
1,37,2,27640,671,13,0.24,100000,1,1,1,0.152,0,0
1,22,1,20000,642,0,0.34,250000,0,0,1,0.139,0,0
0,33,2,25179,610,10,0.23,200000,1,0,1,0.245,0,0
0,45,3,38648,682,23,0.18,50000,2,0,1,0.236,0,1
1,55,2,27389,692,31,0.18,100000,3,0,0,0.35,1,1
1,29,1,20000,614,7,0.3,150000,0,0,0,0.31,0,0
1,39,2,26285,669,17,0.25,150000,3,0,0,0.104,0,0
0,26,3,39381,629,4,0.29,150000,1,0,0,0.185,0,0
1,47,2,24105,672,25,0.29,100000,3,0,0,0.091,1,1
0,51,3,40553,784,29,0.11,200000,1,1,1,0.053,0,1
1,34,2,25722,689,12,0.17,100000,3,0,1,0.376,1,1
0,40,1,20000,583,16,0.18,150000,2,0,0,0.318,0,0
1,50,2,25733,698,28,0.19,150000,1,0,0,0.15,1,1
1,24,2,24381,752,0,0.22,200000,1,0,1,0.299,1,1
1,47,1,20000,593,23,0.32,50000,4,0,0,0.311,0,0
0,61,1,20000,612,37,0.33,100000,3,0,1,0.046,0,0
0,33,1,20000,684,10,0.23,100000,1,0,0,0.268,0,0
1,23,1,20000,665,1,0.23,50000,0,1,1,0.161,0,0
0,32,2,25358,746,9,0.2,100000,2,0,0,0.231,0,1
0,65,4,52702,690,43,0.26,150000,4,0,0,0.441,1,1
0,49,2,24819,725,26,0.26,200000,0,1,1,0.327,0,1
1,39,3,37708,774,15,0.31,200000,3,0,0,0.19,1,1
1,34,2,26523,632,11,0.31,150000,0,0,0,0.314,0,0
1,58,2,27296,721,34,0.09,50000,4,0,0,0.046,1,1
0,43,1,20000,647,20,0.24,300000,2,0,1,0.24,0,0
0,33,2,26602,558,11,0.35,100000,1,0,0,0.242,0,0
0,23,2,27525,706,1,0.22,200000,1,0,1,0.256,0,1
1,58,1,20000,702,35,0.33,250000,2,0,1,0.159,1,1
1,28,3,38319,604,5,0.23,200000,2,0,1,0.231,0,0
0,47,2,26622,655,25,0.26,100000,3,0,0,0.268,0,1
0,47,2,26689,645,24,0.17,100000,2,0,1,0.02,0,1
0,45,1,20000,714,22,0.17,50000,1,1,1,0.175,0,0
0,33,2,24462,594,11,0.3,150000,4,0,0,0.128,0,0
0,37,3,39902,695,13,0.31,150000,2,0,0,0.253,0,1
1,44,2,27285,551,22,0.25,200000,3,0,1,0.31,0,0
1,61,2,24584,700,39,0.16,50000,3,0,1,0.151,1,1
0,30,2,24942,686,7,0.25,200000,3,0,0,0.113,0,0
0,53,1,20000,641,31,0.34,200000,0,0,1,0.209,0,0
1,36,3,37157,768,14,0.37,100000,2,0,1,0.108,1,1
1,58,3,39319,545,35,0.23,150000,1,0,0,0.182,0,0
0,34,1,20000,669,11,0.13,200000,1,0,0,0.173,0,0
1,26,1,20000,735,2,0.31,150000,1,0,1,0.246,0,0
1,32,3,38326,697,10,0.23,50000,3,1,0,0.225,1,1
1,31,2,27955,755,7,0.32,50000,1,0,1,0.213,1,1
0,34,1,20000,645,10,0.27,200000,1,1,1,0.331,0,0
0,62,3,39668,680,38,0.19,100000,0,0,0,0.222,0,1
1,36,2,26568,747,12,0.25,100000,0,0,0,0.167,1,1
0,63,2,27392,729,41,0.34,250000,2,1,0,0.176,0,1
1,28,2,26106,811,6,0.24,150000,0,0,0,0.139,1,1
1,61,3,38381,695,39,0.18,150000,0,0,1,0.119,1,1
0,49,2,24703,691,25,0.14,150000,1,0,1,0.089,0,1
0,53,4,50647,674,30,0.2,150000,0,1,1,0.291,0,1
0,56,3,40322,678,34,0.22,150000,0,0,1,0.143,0,1
0,36,1,20000,729,12,0.31,300000,3,0,1,0.225,0,1
0,57,2,26483,679,33,0.17,100000,3,1,1,0.176,0,1
1,42,2,24145,635,18,0.36,100000,1,0,1,0.198,0,0
1,27,2,26906,659,3,0.16,50000,1,0,1,0.292,0,0
1,22,3,40025,685,0,0.41,200000,4,0,0,0.214,1,1
1,25,2,25375,639,1,0.37,150000,0,0,1,0.126,0,0
0,32,1,20000,644,10,0.26,50000,2,1,1,0.155,0,0
1,65,3,40760,635,42,0.13,150000,2,0,1,0.269,1,1
0,47,1,20000,646,25,0.25,100000,2,0,1,0.239,0,0
0,58,3,37244,754,36,0.22,100000,4,0,0,0.274,0,1
0,44,3,38583,692,20,0.16,300000,1,0,0,0.181,0,1
1,50,2,26348,815,28,0.27,200000,1,0,0,0.088,1,1
0,42,2,26485,637,19,0.19,50000,2,0,0,0.241,0,0
1,48,3,37867,716,25,0.2,100000,4,0,1,0.22,1,1
1,60,3,39147,702,36,0.24,50000,3,0,1,0.222,1,1
0,61,2,26772,715,38,0.21,200000,2,0,0,0.089,0,1
1,34,2,26861,646,10,0.4,150000,3,0,0,0.149,0,0
1,44,2,24479,659,21,0.21,300000,0,0,1,0.125,1,1
0,37,1,20000,692,14,0.28,200000,1,0,0,0.232,0,0
1,51,1,20000,642,29,0.26,150000,0,0,1,0.235,0,0
0,25,1,20000,572,2,0.27,200000,0,0,0,0.197,0,0
0,61,1,20000,742,37,0.28,200000,2,0,0,0.277,0,1
0,37,2,25661,728,14,0.31,100000,3,0,0,0.319,0,1
1,52,4,53373,677,29,0.27,150000,2,0,1,0.228,1,1
1,63,3,40021,702,41,0.27,150000,2,0,1,0.254,1,1
0,46,1,20000,725,22,0.25,150000,0,0,1,0.157,0,1
1,65,2,24087,753,41,0.24,100000,2,0,0,0.142,1,1
0,33,2,25240,685,9,0.19,100000,1,0,1,0.281,0,1
0,47,1,20000,637,25,0.25,100000,2,0,1,0.13,0,0
0,58,4,50813,780,35,0.27,50000,1,0,0,0.256,1,1
1,54,2,24178,685,30,0.28,250000,2,0,1,0.338,1,1
1,49,4,51725,691,26,0.26,200000,1,0,1,0.252,1,1
0,30,2,24162,694,7,0.23,200000,2,0,0,0.194,0,0
1,33,3,39640,753,10,0.25,150000,0,0,0,0.093,1,1
1,26,1,20000,667,4,0.21,200000,1,0,1,0.213,0,0
0,49,2,27241,734,26,0.27,300000,1,0,1,0.281,0,1
0,56,2,26348,668,34,0.23,150000,2,0,1,0.186,0,1
0,26,3,39421,723,4,0.26,200000,2,1,1,0.282,0,1
0,55,3,39755,637,33,0.32,150000,3,0,0,0.229,0,1
1,55,3,37202,748,31,0.2,250000,2,0,1,0.223,1,1
0,34,3,37046,652,12,0.29,250000,1,0,1,0.175,0,1
0,60,3,37462,715,36,0.25,250000,2,0,0,0.084,0,1
1,63,2,27741,598,41,0.39,50000,1,0,0,0.166,0,0
1,35,2,24407,681,13,0.23,100000,0,0,0,0.165,0,0
0,32,3,38217,700,10,0.3,100000,2,0,1,0.246,0,1
0,63,3,39474,652,41,0.25,150000,0,0,1,0.199,0,1
0,59,3,37929,683,36,0.15,150000,0,0,1,0.287,0,1
0,25,2,27862,694,2,0.21,100000,2,0,1,0.223,0,1
1,54,1,20000,700,32,0.31,200000,2,0,0,0.16,1,1
1,28,4,51502,705,5,0.22,100000,2,0,1,0.135,1,1
0,62,2,24420,753,38,0.09,250000,0,0,1,0.152,0,1
0,29,1,20000,733,6,0.25,100000,3,0,1,0.213,0,0
0,58,3,40552,688,35,0.17,150000,2,0,1,0.17,0,1
0,31,4,51734,626,8,0.26,200000,3,0,1,0.114,0,1
1,64,1,20000,643,42,0.36,150000,2,0,1,0.281,1,1
1,36,3,37262,567,12,0.3,50000,2,0,1,0.212,0,0
0,59,4,51449,689,37,0.36,250000,0,0,0,0.222,0,1
0,36,4,52213,777,12,0.21,150000,2,0,1,0.134,1,1
0,26,4,51715,743,4,0.24,250000,2,0,1,0.117,0,1
0,50,2,24427,684,27,0.18,250000,1,0,1,0.187,0,1
0,40,2,27775,639,16,0.2,150000,2,0,0,0.038,0,0
1,31,1,20000,676,8,0.19,250000,2,0,1,0.262,0,0
1,33,1,20000,787,9,0.16,250000,2,0,0,0.144,1,1
1,25,2,24795,761,1,0.35,300000,1,0,0,0.179,1,1
0,52,2,27935,671,30,0.1,250000,0,1,1,0.234,0,1
1,39,1,20000,588,17,0.35,250000,0,0,1,0.182,0,0
1,37,2,24097,801,14,0.34,150000,2,0,1,0.107,1,1
1,61,1,20000,629,38,0.28,100000,0,0,0,0.32,0,0
1,57,3,40553,719,33,0.17,250000,0,0,1,0.077,1,1
0,46,2,27570,594,22,0.14,200000,4,1,1,0.021,0,0
1,44,2,27301,662,22,0.21,100000,0,1,0,0.27,0,0
1,33,2,25280,594,11,0.29,150000,2,0,0,0.083,0,0
0,55,1,20000,606,33,0.25,200000,4,0,0,0.3,0,0
1,57,4,52289,649,35,0.18,150000,2,0,1,0.23,1,1
1,58,2,25577,706,36,0.33,50000,2,0,0,0.223,1,1
1,24,2,24094,674,0,0.37,100000,4,1,0,0.154,0,0
0,30,1,20000,819,6,0.23,200000,3,0,1,0.134,0,1
1,39,2,25789,742,16,0.26,100000,2,0,1,0.17,1,1
0,64,1,20000,733,40,0.14,150000,1,0,0,0.13,0,1
1,56,2,24384,707,34,0.22,200000,1,0,0,0.297,1,1
1,55,2,24818,695,31,0.29,200000,3,0,1,0.141,1,1
1,62,3,40471,755,38,0.27,100000,3,0,0,0.241,1,1
1,35,3,40577,559,11,0.21,50000,3,0,0,0.28,0,0
0,25,1,20000,635,2,0.23,150000,2,0,0,0.13,0,0
0,50,1,20000,595,27,0.22,200000,1,0,1,0.23,0,0
0,62,2,25148,576,38,0.23,100000,1,1,1,0.128,0,0
1,36,1,20000,627,12,0.28,150000,0,0,1,0.186,0,0
1,49,1,20000,606,27,0.11,250000,2,0,1,0.163,0,0
0,63,3,40892,755,40,0.24,300000,0,0,1,0.144,1,1
1,37,1,20000,675,15,0.27,150000,1,0,1,0.213,0,0
1,33,3,37225,579,11,0.21,50000,3,0,1,0.103,0,0
1,26,1,20000,687,2,0.22,100000,0,1,1,0.274,0,0
1,55,4,52392,644,31,0.22,100000,4,0,1,0.113,1,1
0,63,3,40831,693,39,0.22,100000,0,0,0,0.099,0,1
0,22,3,38897,711,0,0.25,150000,4,0,0,0.18,0,1
0,60,1,20000,628,38,0.26,150000,1,0,1,0.17,0,0
1,53,3,40102,701,31,0.1,100000,0,1,0,0.228,1,1
1,47,3,38732,712,23,0.3,250000,2,0,0,0.207,1,1
1,38,3,40815,680,14,0.23,150000,3,0,0,0.07,1,1
1,48,2,24295,640,24,0.39,150000,1,0,0,0.279,0,0
1,45,3,37413,690,23,0.17,300000,2,0,0,0.178,1,1
0,56,1,20000,662,34,0.19,200000,4,0,0,0.219,0,0
0,63,2,25995,697,40,0.24,250000,0,1,1,0.376,0,1
1,60,3,39182,675,36,0.28,100000,3,0,0,0.303,1,1
0,47,2,26028,614,25,0.11,100000,0,1,1,0.217,0,0
0,59,1,20000,660,36,0.19,150000,1,0,0,0.09,0,0
0,44,2,27056,697,22,0.29,150000,0,0,0,0.091,0,1
0,43,3,37003,700,21,0.18,100000,1,0,1,0.293,0,1
1,25,1,20000,663,1,0.35,200000,0,0,1,0.168,0,0
1,30,2,24745,653,7,0.22,50000,1,0,1,0.187,0,0
1,25,1,20000,640,3,0.19,200000,1,0,0,0.108,0,0
0,28,3,37651,666,5,0.29,150000,2,0,0,0.236,0,1
1,44,1,20000,729,21,0.36,200000,2,0,1,0.291,1,1
1,23,3,38818,637,0,0.28,150000,2,0,0,0.322,0,0
1,45,2,25386,685,22,0.34,300000,0,0,1,0.164,1,1
1,61,3,40889,620,37,0.37,100000,4,0,1,0.252,1,1
0,52,4,53788,742,28,0.19,300000,1,0,1,0.192,1,1
0,52,1,20000,640,28,0.32,50000,0,0,1,0.27,0,0
1,61,2,27271,634,38,0.14,200000,2,0,0,0.2,1,1
1,64,3,39591,701,42,0.28,150000,2,1,0,0.134,1,1
1,55,2,27283,544,31,0.25,250000,0,1,1,0.306,0,0
1,45,2,26482,608,23,0.34,200000,0,0,1,0.208,0,0
1,47,3,38296,709,24,0.33,200000,3,1,0,0.172,1,1
1,37,4,50289,755,15,0.29,50000,1,0,0,0.214,1,1
1,34,2,24802,704,12,0.27,250000,1,0,0,0.141,1,1
0,36,2,26530,687,12,0.29,100000,4,0,1,0.233,0,1
0,48,2,26021,812,24,0.25,50000,0,0,0,0.184,0,1
1,25,1,20000,697,1,0.25,100000,2,0,1,0.136,0,0
1,37,3,37407,632,14,0.35,150000,1,0,1,0.39,1,1
0,51,3,37693,746,29,0.36,200000,0,0,1,0.119,0,1
1,65,3,38169,654,42,0.24,100000,0,0,1,0.228,1,1
0,51,1,20000,631,28,0.27,50000,2,0,0,0.205,0,0
0,57,2,26477,604,34,0.26,200000,0,0,0,0.118,0,0
1,24,2,24431,657,1,0.14,300000,2,0,1,0.173,0,0
1,43,2,27686,612,19,0.23,150000,4,0,1,0.093,0,0
0,43,3,38568,720,21,0.36,200000,2,1,0,0.365,0,1
1,33,1,20000,663,9,0.2,150000,1,0,1,0.179,0,0
0,42,3,37982,615,18,0.4,200000,0,0,1,0.185,0,1
0,25,3,40160,685,2,0.33,300000,1,0,0,0.356,0,1
0,52,4,53044,754,28,0.28,150000,1,1,1,0.134,0,1
1,65,3,38434,779,43,0.29,150000,4,0,1,0.304,1,1
0,52,3,37896,591,29,0.19,250000,4,0,0,0.247,0,1
1,44,2,27924,637,20,0.23,300000,1,1,0,0.042,0,0
1,41,1,20000,599,18,0.35,100000,0,0,0,0.17,0,0
0,36,2,27312,699,14,0.21,150000,3,0,1,0.235,0,1
1,44,2,24777,602,21,0.32,200000,2,0,1,0.203,0,0
0,49,3,37222,748,25,0.15,150000,1,0,0,0.203,0,1
0,37,3,38771,756,13,0.17,150000,1,0,1,0.151,0,1
1,58,2,25688,724,36,0.38,200000,1,1,0,0.143,1,1
1,42,2,24467,640,20,0.25,100000,3,0,1,0.175,0,0
1,36,1,20000,634,13,0.21,150000,0,0,1,0.357,0,0
1,38,3,38345,664,14,0.35,300000,3,0,1,0.127,1,1
1,58,3,39422,750,36,0.34,200000,0,0,1,0.161,1,1
0,34,3,40183,596,12,0.31,250000,4,0,1,0.202,0,0
1,40,2,26574,701,16,0.21,200000,1,0,0,0.083,1,1
1,51,2,24411,628,29,0.23,200000,0,0,1,0.235,1,1
0,39,3,39316,666,17,0.27,250000,0,0,0,0.097,0,1
1,35,3,37625,730,11,0.3,100000,2,1,1,0.113,1,1
0,57,2,25275,596,35,0.21,200000,0,1,1,0.109,0,0
1,57,3,38011,674,33,0.26,150000,2,0,1,0.069,1,1
1,41,2,27445,672,17,0.27,200000,0,0,0,0.301,0,0
0,40,3,38677,687,17,0.34,100000,0,0,1,0.242,0,1
0,65,3,40697,684,41,0.3,100000,1,0,1,0.274,0,1
0,28,3,39497,720,6,0.14,100000,2,0,0,0.267,0,1
0,65,2,24801,655,42,0.24,150000,1,0,1,0.187,0,1
0,25,2,25892,700,2,0.18,300000,1,0,0,0.198,0,0
1,55,3,38560,708,33,0.29,300000,2,0,0,0.281,1,1
1,23,3,38391,705,0,0.31,100000,1,0,1,0.331,1,1
0,26,2,26869,709,4,0.26,100000,0,0,0,0.099,0,0
0,31,3,37254,705,8,0.23,50000,0,0,1,0.402,0,1
0,53,1,20000,665,31,0.25,150000,0,0,1,0.095,0,0
1,63,4,53339,630,39,0.26,250000,2,1,0,0.163,1,1
1,62,3,39173,764,38,0.21,250000,1,0,1,0.206,1,1
0,34,2,25416,773,11,0.16,100000,1,1,0,0.213,0,1
1,60,2,24761,660,37,0.11,100000,2,0,0,0.357,1,1
0,26,1,20000,695,2,0.34,100000,1,0,1,0.281,0,0
0,31,1,20000,639,9,0.28,150000,2,0,1,0.233,0,0
1,31,2,24564,640,8,0.28,200000,0,0,1,0.283,0,0
0,59,3,38391,693,35,0.34,200000,2,0,0,0.228,0,1
0,48,3,38578,844,25,0.16,200000,2,1,0,0.146,0,1
1,42,2,27749,767,18,0.13,150000,3,0,1,0.239,1,1
0,29,2,27625,759,5,0.28,100000,3,0,0,0.205,0,1
1,22,2,27963,708,0,0.27,100000,2,0,0,0.133,0,0
0,49,1,20000,619,27,0.13,50000,3,0,1,0.301,0,0
1,60,1,20000,727,37,0.28,200000,1,1,0,0.196,0,0
0,35,3,38090,533,13,0.22,250000,1,0,0,0.11,0,0
1,42,4,53137,721,20,0.19,200000,4,0,0,0.123,1,1
1,51,2,26959,740,27,0.23,50000,3,0,1,0.243,1,1
0,42,3,38618,698,20,0.08,200000,1,0,1,0.284,0,1
1,30,4,52909,791,7,0.21,50000,1,0,0,0.239,1,1
1,38,1,20000,591,15,0.2,50000,3,0,1,0.239,0,0
0,26,3,37399,778,2,0.29,150000,1,0,1,0.135,0,1
0,52,3,37286,681,28,0.24,150000,0,0,0,0.207,0,1
0,61,2,27957,759,38,0.29,200000,2,0,1,0.174,0,1
0,59,2,26233,736,36,0.07,200000,0,1,0,0.184,0,1
1,64,3,39331,773,40,0.19,100000,1,0,1,0.191,1,1
1,40,3,38539,743,18,0.29,100000,3,1,0,0.147,1,1
1,57,1,20000,708,34,0.23,100000,0,0,0,0.26,1,1
0,54,2,26738,755,30,0.31,100000,4,0,1,0.119,0,1
0,34,1,20000,673,10,0.12,100000,4,0,1,0.096,0,0
0,35,3,40089,723,12,0.3,200000,3,1,0,0.137,0,1
0,54,2,24814,679,30,0.21,100000,4,0,0,0.271,0,1
1,50,3,37927,652,27,0.2,250000,1,0,1,0.227,1,1
1,64,2,24413,708,40,0.32,150000,2,0,0,0.057,1,1
1,57,1,20000,680,33,0.33,100000,3,0,1,0.248,1,1
1,65,1,20000,739,43,0.32,150000,1,0,0,0.196,1,1
1,31,2,24419,669,7,0.39,200000,1,0,1,0.167,0,0
0,52,2,24028,638,29,0.34,150000,2,0,0,0.181,0,0
1,27,2,27727,748,4,0.19,50000,2,1,0,0.093,0,0
1,22,1,20000,673,0,0.26,250000,2,0,1,0.214,0,0
1,28,2,24660,636,5,0.22,50000,2,0,0,0.099,0,0
0,48,2,26623,756,24,0.39,300000,2,0,1,0.172,0,1
0,42,2,27950,730,20,0.33,50000,2,0,0,0.172,0,1
1,49,3,37449,791,26,0.24,200000,1,1,0,0.262,1,1
1,37,3,37379,671,13,0.31,150000,0,1,1,0.203,1,1
0,44,4,52746,673,22,0.16,150000,2,0,0,0.256,0,1
1,41,1,20000,610,17,0.27,50000,0,1,0,0.104,0,0
0,59,2,25250,648,36,0.18,100000,4,0,0,0.191,0,1
0,46,2,27189,658,23,0.13,200000,3,0,0,0.242,0,1
1,49,2,26459,717,26,0.3,250000,2,0,0,0.299,1,1
1,26,3,39998,638,3,0.31,150000,4,0,0,0.109,0,0
0,42,2,24355,643,20,0.28,150000,2,0,0,0.133,0,0
1,39,2,26301,773,16,0.24,50000,0,0,1,0.24,1,1
1,27,2,27614,518,5,0.16,200000,2,0,0,0.329,0,0
0,50,4,51696,726,28,0.17,100000,0,0,1,0.223,1,1
0,40,4,50726,629,16,0.18,50000,1,0,1,0.111,0,1
0,54,2,25467,635,31,0.23,200000,1,0,0,0.113,0,0
0,22,1,20000,748,0,0.33,150000,2,0,0,0.211,0,0
1,24,3,40152,693,0,0.32,50000,1,0,0,0.229,1,1
1,63,4,53117,846,39,0.13,50000,1,0,1,0.182,1,1
0,42,2,27120,714,18,0.2,200000,1,1,1,0.114,0,1
0,56,2,27520,634,32,0.2,50000,1,1,1,0.288,0,0
1,62,4,50809,730,39,0.07,250000,0,0,1,0.172,1,1
0,61,3,40478,752,37,0.29,100000,0,0,0,0.242,0,1
1,24,2,25903,708,2,0.23,50000,2,0,1,0.058,1,1
1,46,2,27354,668,24,0.24,200000,1,0,0,0.296,1,1
1,59,4,52520,606,36,0.34,150000,0,0,1,0.145,1,1
1,41,3,37415,672,19,0.26,100000,1,0,0,0.308,1,1
1,65,3,40026,781,41,0.22,150000,2,0,0,0.249,1,1
1,55,3,37599,646,33,0.29,50000,3,0,1,0.086,1,1
1,42,1,20000,647,18,0.32,200000,4,0,1,0.22,0,0
0,44,3,40074,744,21,0.27,150000,2,1,1,0.333,0,1
0,27,2,25339,714,5,0.3,200000,1,1,0,0.152,0,0
0,34,4,52507,627,12,0.24,200000,0,1,1,0.333,0,1
0,44,2,27298,674,22,0.24,200000,0,1,1,0.231,0,0
1,30,3,37078,767,7,0.26,200000,2,0,0,0.307,1,1
1,38,2,27728,681,15,0.2,200000,1,0,0,0.213,1,1
0,23,2,27825,758,1,0.21,150000,2,0,1,0.19,0,1
1,40,1,20000,751,17,0.35,150000,0,1,1,0.347,0,0
0,40,3,39822,638,16,0.39,50000,1,0,1,0.258,0,1
1,28,3,40794,673,5,0.36,200000,0,0,1,0.181,1,1
0,63,3,38094,726,41,0.16,200000,2,0,0,0.234,0,1
1,63,2,26943,595,39,0.15,100000,0,0,1,0.155,1,1
0,41,1,20000,657,19,0.17,250000,2,0,0,0.209,0,0
1,30,4,50057,730,8,0.26,150000,0,1,0,0.296,1,1
0,38,3,38447,655,16,0.05,150000,1,1,1,0.187,0,1
1,48,3,38492,722,25,0.21,50000,0,0,1,0.13,1,1
0,23,3,39671,656,1,0.35,150000,0,0,0,0.123,0,0
0,57,3,39095,656,33,0.32,200000,0,0,1,0.206,0,1
1,40,2,25458,720,16,0.21,50000,1,1,1,0.135,1,1
0,38,3,38208,765,14,0.22,150000,1,1,1,0.085,0,1
0,26,3,40950,650,4,0.29,300000,3,0,0,0.104,0,0
1,60,3,37838,623,36,0.32,200000,0,0,0,0.294,1,1
0,39,3,39212,687,15,0.21,150000,0,0,1,0.189,0,1
0,28,1,20000,695,4,0.23,150000,2,0,1,0.205,0,0
0,38,2,25354,640,14,0.21,50000,2,1,0,0.123,0,0
1,60,1,20000,761,37,0.16,300000,0,0,1,0.153,1,1
1,57,1,20000,661,35,0.23,250000,2,0,1,0.151,1,1
0,61,3,37212,649,39,0.23,200000,2,0,1,0.178,0,1
0,25,3,40894,796,1,0.16,50000,1,0,0,0.067,0,1
1,59,1,20000,739,37,0.3,100000,1,0,1,0.287,1,1
0,46,2,27624,639,22,0.28,100000,0,0,0,0.199,0,0
1,26,4,53936,758,2,0.3,150000,0,1,0,0.216,1,1
1,51,3,39963,653,27,0.2,100000,4,0,1,0.273,1,1
1,33,2,26848,722,11,0.11,200000,0,0,0,0.267,1,1
1,25,3,39215,787,2,0.28,150000,0,0,1,0.154,1,1
0,45,2,27042,613,23,0.2,50000,4,0,0,0.248,0,0
1,50,1,20000,640,28,0.19,200000,2,0,1,0.248,0,0
0,30,1,20000,641,7,0.16,100000,2,0,0,0.225,0,0
0,25,1,20000,684,3,0.23,250000,2,1,1,0.285,0,0
0,45,2,27034,706,22,0.36,150000,2,1,1,0.264,0,0
1,35,4,52834,695,11,0.21,100000,2,0,0,0.258,1,1
1,26,3,39474,597,3,0.17,50000,0,0,0,0.309,0,0
0,39,2,25732,612,15,0.3,300000,1,0,1,0.202,0,0
0,63,2,27774,631,40,0.26,150000,0,1,1,0.205,0,0
1,40,2,25244,710,16,0.1,150000,0,0,1,0.266,1,1
0,33,3,38015,613,11,0.3,50000,1,0,1,0.186,0,1
0,39,3,40081,639,16,0.4,200000,2,0,0,0.239,0,1
0,38,2,25143,617,16,0.07,100000,0,0,1,0.155,0,0
0,51,1,20000,688,27,0.16,300000,1,0,1,0.02,0,1
0,45,3,38270,752,22,0.05,300000,2,0,0,0.248,0,1
1,32,2,27431,688,9,0.24,200000,2,0,1,0.076,1,1
0,56,2,25932,789,33,0.32,300000,3,0,1,0.144,0,1
0,44,3,40292,698,22,0.26,50000,2,0,1,0.266,0,1
1,38,2,24772,674,14,0.35,100000,4,0,0,0.267,0,0
1,22,2,25529,636,0,0.31,100000,2,1,0,0.294,0,0
1,36,2,25081,691,13,0.37,50000,2,0,1,0.038,1,1
0,53,2,27898,634,29,0.33,300000,3,1,0,0.224,0,0
0,30,4,53531,646,6,0.22,50000,3,0,1,0.179,0,1
1,36,4,51151,644,14,0.25,250000,2,0,0,0.279,1,1
0,49,4,51722,687,27,0.19,200000,1,0,1,0.318,1,1
1,45,3,37716,662,22,0.23,150000,0,0,0,0.095,1,1
0,56,2,26133,826,33,0.25,50000,3,0,1,0.201,1,1
0,43,3,37103,701,20,0.24,50000,2,0,0,0.267,0,1
0,48,4,52190,710,25,0.34,100000,3,0,0,0.173,0,1
1,40,2,24204,649,16,0.23,150000,0,1,0,0.34,0,0
1,33,2,26688,848,10,0.18,150000,1,1,1,0.168,1,1
1,41,3,40829,639,18,0.19,150000,1,0,1,0.176,1,1
1,22,3,40109,663,0,0.3,200000,3,0,0,0.114,0,0
0,42,2,25386,734,20,0.15,150000,3,1,0,0.212,0,1
0,22,2,25644,691,0,0.24,100000,0,1,1,0.02,0,0
0,31,3,38332,619,9,0.34,200000,2,0,1,0.18,0,1
0,53,2,27123,681,30,0.27,100000,0,0,0,0.302,0,1
0,60,3,39048,727,36,0.24,100000,1,0,0,0.088,0,1
0,43,2,26058,708,20,0.25,200000,1,0,0,0.071,0,1
0,39,4,51849,736,17,0.18,300000,2,0,0,0.289,0,1
0,53,2,24746,800,31,0.19,250000,3,0,0,0.3,0,1
1,48,2,25663,694,25,0.24,100000,1,0,1,0.092,1,1
1,49,1,20000,713,25,0.27,150000,1,0,1,0.339,1,1
1,39,1,20000,536,15,0.32,50000,2,0,0,0.235,0,0
0,60,3,37955,792,36,0.26,300000,1,1,1,0.284,0,1
0,50,2,26802,683,28,0.34,100000,4,0,1,0.137,0,1
1,39,2,27627,632,17,0.36,100000,3,0,1,0.319,0,0
0,65,1,20000,659,41,0.31,250000,0,0,1,0.179,0,1
0,29,3,40739,726,6,0.34,300000,1,1,1,0.175,0,1
1,52,3,38438,746,28,0.18,200000,0,0,1,0.239,1,1
1,55,1,20000,664,32,0.17,100000,1,0,1,0.169,1,1
0,28,3,39052,723,6,0.29,150000,2,0,0,0.078,0,1
1,57,3,40433,675,35,0.16,200000,0,1,0,0.211,1,1
0,39,3,39741,717,17,0.23,150000,3,0,1,0.175,0,1
1,59,2,26159,691,35,0.3,100000,2,1,1,0.139,1,1
0,30,3,40051,706,6,0.35,100000,4,0,0,0.299,0,1
0,30,2,24272,662,8,0.23,250000,0,0,1,0.391,0,0
0,29,2,24421,702,7,0.2,150000,3,0,0,0.126,0,0
0,56,2,26312,634,34,0.27,200000,2,0,0,0.216,0,1
1,39,2,25481,690,15,0.17,150000,0,0,1,0.168,1,1
1,26,1,20000,635,2,0.24,150000,1,0,1,0.383,0,0
1,35,4,53149,645,13,0.25,300000,3,0,1,0.239,1,1
0,49,2,24781,641,25,0.25,100000,1,0,0,0.274,0,0
0,51,2,26713,668,27,0.26,200000,1,0,1,0.295,0,1
0,25,2,25244,650,1,0.19,100000,3,0,1,0.21,0,0
1,60,2,26416,701,36,0.2,100000,0,0,0,0.185,1,1
1,41,2,27005,684,19,0.2,200000,1,1,0,0.322,0,0
1,46,2,26394,735,24,0.14,250000,2,0,0,0.262,1,1
1,49,1,20000,665,25,0.27,200000,2,0,1,0.132,0,0
0,33,2,24975,689,11,0.31,100000,0,0,1,0.142,0,1
1,23,2,27491,782,1,0.31,100000,2,0,1,0.169,1,1
1,64,1,20000,645,42,0.23,250000,2,0,1,0.293,1,1
0,35,3,38743,674,12,0.19,100000,2,1,1,0.318,0,1
1,43,3,37416,756,21,0.3,200000,2,0,1,0.372,1,1
1,52,3,39562,637,30,0.29,100000,0,0,0,0.143,1,1
0,44,2,24214,752,20,0.27,300000,3,0,0,0.211,0,1
1,41,2,27978,666,17,0.37,250000,1,0,0,0.168,0,0
0,59,4,51135,654,36,0.25,50000,4,1,1,0.185,0,1
0,25,1,20000,719,2,0.23,200000,0,0,0,0.274,0,0
0,36,1,20000,656,14,0.22,100000,1,0,0,0.196,0,0
1,45,1,20000,770,23,0.14,100000,0,1,0,0.305,1,1
0,46,1,20000,674,22,0.3,150000,2,1,1,0.159,0,0
1,22,1,20000,674,0,0.24,150000,0,0,1,0.259,0,0
1,28,3,37427,657,6,0.29,100000,2,0,1,0.165,1,1
1,52,2,24732,671,30,0.38,150000,3,0,1,0.053,1,1
0,33,4,52746,685,11,0.22,100000,0,1,1,0.118,0,1
1,63,2,27633,753,41,0.09,50000,0,0,0,0.21,1,1
1,26,2,27780,695,4,0.28,150000,3,1,0,0.354,0,0
0,65,4,52263,738,43,0.26,150000,1,0,0,0.163,1,1
1,63,3,37412,695,41,0.2,200000,1,0,0,0.186,1,1
1,59,2,27804,657,35,0.28,200000,0,0,1,0.239,1,1
1,33,2,26427,700,10,0.31,250000,1,0,0,0.152,0,0
1,60,3,38625,777,38,0.18,150000,0,0,1,0.161,1,1
1,39,2,24231,622,15,0.23,50000,2,0,0,0.206,0,0
1,23,2,24834,703,1,0.35,200000,1,0,0,0.165,0,0
0,31,3,37257,772,9,0.2,200000,2,0,1,0.057,0,1
1,36,2,27736,635,13,0.25,150000,1,0,0,0.148,0,0
1,51,1,20000,720,27,0.07,200000,1,0,1,0.249,1,1
0,65,2,24402,730,43,0.15,100000,0,0,0,0.252,0,1
1,38,2,26471,608,15,0.26,100000,4,1,0,0.307,0,0
0,25,3,37769,751,2,0.34,200000,1,0,1,0.3,0,1
1,28,1,20000,637,6,0.15,100000,0,0,1,0.128,0,0
1,62,3,39237,709,40,0.26,150000,0,0,0,0.14,1,1
1,52,2,27674,736,28,0.22,150000,0,0,1,0.144,1,1
1,60,2,24949,746,36,0.32,150000,0,0,1,0.188,1,1
1,55,1,20000,585,33,0.16,150000,1,1,0,0.15,0,0
1,27,3,39806,788,5,0.28,50000,1,0,0,0.186,1,1
1,59,4,53839,777,36,0.2,300000,4,0,1,0.13,1,1
1,55,2,26675,737,31,0.27,200000,0,0,1,0.263,1,1
1,65,2,26608,699,43,0.25,150000,2,0,0,0.124,1,1
1,36,2,25250,656,14,0.23,100000,1,0,0,0.12,0,0
1,35,3,40048,630,11,0.28,50000,0,0,0,0.242,1,1
1,27,1,20000,580,5,0.25,200000,4,0,0,0.258,0,0
0,58,3,38411,725,35,0.24,100000,3,1,0,0.182,0,1
1,53,2,26448,737,30,0.23,100000,2,1,1,0.27,1,1
0,24,2,24637,675,2,0.26,150000,2,0,1,0.264,0,0
0,24,2,24948,654,0,0.27,150000,4,0,1,0.352,0,0
1,43,2,26260,683,20,0.18,200000,2,1,0,0.259,0,0
0,43,3,39100,654,19,0.23,200000,0,0,0,0.337,0,1
0,31,3,39671,691,7,0.18,250000,0,1,0,0.205,0,0
1,24,2,25694,641,0,0.25,100000,2,0,1,0.312,0,0
1,33,2,24751,713,10,0.21,200000,2,0,0,0.314,1,1
0,50,2,24661,748,27,0.3,50000,2,0,0,0.189,0,1
0,38,3,39186,717,16,0.3,150000,0,0,0,0.145,0,1
1,28,2,26465,675,4,0.19,150000,4,0,1,0.159,0,0
1,34,2,27696,734,11,0.25,100000,2,0,1,0.233,1,1
1,23,2,24142,681,0,0.29,150000,2,0,0,0.108,0,0
1,25,2,25905,732,3,0.24,250000,0,0,1,0.164,1,1
0,31,2,26556,645,8,0.2,100000,4,0,1,0.296,0,0
1,60,1,20000,642,37,0.17,150000,2,0,0,0.253,0,0
1,45,1,20000,615,22,0.31,300000,2,0,0,0.02,0,0
0,38,3,37991,664,16,0.31,150000,4,0,1,0.093,0,1
1,27,2,25460,733,5,0.24,200000,4,0,0,0.373,1,1
1,40,1,20000,622,16,0.3,250000,0,0,1,0.294,0,0
0,26,3,39590,563,3,0.04,100000,4,0,0,0.153,0,0
0,53,1,20000,647,31,0.34,100000,2,1,1,0.081,0,0
1,31,3,38643,625,9,0.24,200000,0,0,0,0.1,0,0
1,30,2,27355,652,8,0.26,200000,0,0,1,0.241,0,0
1,48,1,20000,785,24,0.23,50000,1,0,1,0.358,1,1
1,34,2,24837,631,10,0.35,100000,2,0,0,0.353,0,0
1,40,1,20000,704,16,0.18,150000,2,0,0,0.074,0,0
1,42,3,39681,685,18,0.35,250000,0,0,0,0.176,1,1
1,45,2,25750,700,21,0.28,150000,3,0,1,0.131,1,1
1,59,1,20000,641,36,0.29,250000,3,0,1,0.211,0,0
1,25,2,25048,743,2,0.23,300000,2,0,0,0.094,1,1
1,45,2,25958,703,23,0.16,200000,4,0,1,0.156,1,1
1,56,1,20000,695,32,0.32,200000,3,0,1,0.131,1,1
1,24,2,24805,685,0,0.27,150000,0,0,0,0.242,0,0
1,25,2,25704,749,3,0.35,50000,2,0,1,0.159,1,1
0,58,3,40174,720,35,0.24,150000,4,0,1,0.17,0,1
0,61,2,25889,700,37,0.22,150000,0,0,1,0.241,0,1
0,56,3,37882,725,32,0.35,150000,4,0,0,0.331,0,1
0,52,3,40111,593,28,0.38,200000,0,0,1,0.369,0,1
1,65,2,26282,690,42,0.25,150000,1,0,1,0.236,1,1
1,46,3,37831,686,23,0.2,200000,2,0,1,0.193,1,1
1,61,3,38112,754,37,0.31,150000,2,0,0,0.305,1,1
0,34,2,27171,641,10,0.23,100000,2,0,1,0.293,0,0
0,25,4,52191,711,3,0.29,150000,1,0,1,0.271,0,1
1,35,2,26040,785,13,0.23,300000,2,1,1,0.074,1,1
1,34,2,25105,678,11,0.36,200000,2,1,0,0.297,0,0
1,48,3,39636,616,26,0.2,100000,1,0,1,0.229,1,1
1,27,2,25594,799,3,0.28,150000,2,0,1,0.129,1,1
0,38,2,26276,640,15,0.22,250000,3,0,1,0.146,0,0
0,57,1,20000,612,35,0.23,100000,1,1,0,0.247,0,0
1,61,3,38889,634,38,0.22,100000,1,0,0,0.02,1,1
0,56,3,40466,730,32,0.3,100000,0,0,0,0.19,0,1
0,38,2,27584,751,16,0.31,150000,2,0,0,0.148,0,1
1,62,4,51804,796,40,0.29,150000,0,0,0,0.139,1,1
1,23,2,27869,680,1,0.24,50000,1,0,1,0.163,0,0
1,34,2,25220,625,10,0.26,200000,0,0,1,0.082,0,0
1,23,3,37273,658,0,0.31,50000,0,0,0,0.284,0,0
1,49,3,37589,691,27,0.32,150000,1,0,1,0.03,1,1
1,64,2,26700,678,41,0.06,150000,1,1,1,0.214,1,1
1,47,1,20000,741,24,0.23,150000,1,1,1,0.132,0,0
1,43,3,37582,617,20,0.23,50000,0,0,1,0.359,1,1
0,64,4,50967,638,40,0.3,200000,4,0,1,0.202,0,1
1,24,3,40633,672,0,0.25,150000,0,0,0,0.03,1,1
1,56,2,25990,700,34,0.3,150000,3,0,1,0.244,1,1
1,33,4,52419,675,11,0.17,150000,2,0,0,0.113,1,1
0,45,4,53952,671,22,0.27,150000,0,0,1,0.279,0,1
1,26,2,27151,744,3,0.31,50000,1,1,1,0.249,0,0
1,41,3,38258,715,18,0.15,100000,4,0,0,0.318,1,1
0,60,3,38310,635,36,0.43,100000,2,0,1,0.215,0,1
0,60,4,52866,671,36,0.33,200000,0,0,0,0.266,0,1
0,34,3,40738,718,12,0.25,150000,1,0,0,0.203,0,1
1,62,3,37571,620,39,0.19,200000,1,0,0,0.153,1,1
1,33,3,37544,718,10,0.24,200000,3,0,1,0.285,1,1
0,34,2,25460,661,10,0.26,250000,3,0,0,0.102,0,0
0,31,3,37126,709,9,0.28,150000,0,0,1,0.197,0,1
0,54,3,37732,696,31,0.36,150000,1,0,1,0.155,0,1
0,61,4,53783,638,38,0.22,250000,0,0,1,0.267,0,1
1,37,2,24416,644,15,0.29,100000,4,0,1,0.124,0,0
0,56,2,24637,759,33,0.16,150000,2,0,1,0.167,0,1
1,24,2,24040,810,0,0.22,100000,3,0,0,0.204,1,1
1,26,3,37786,593,4,0.28,250000,1,0,0,0.319,0,0
1,47,3,40540,747,24,0.3,150000,2,0,1,0.157,1,1
1,32,1,20000,686,9,0.2,100000,0,0,1,0.168,0,0
1,28,2,25620,794,4,0.22,200000,3,0,0,0.092,1,1
1,31,1,20000,639,7,0.35,100000,1,0,1,0.121,0,0
0,63,1,20000,719,39,0.33,300000,3,0,0,0.233,0,1
1,55,3,39679,673,32,0.26,150000,0,0,1,0.203,1,1
0,24,2,27350,750,1,0.09,200000,2,0,1,0.204,0,1
1,29,2,27530,807,6,0.43,150000,1,1,1,0.339,1,1
1,52,1,20000,681,30,0.25,200000,0,0,1,0.066,1,1
1,32,1,20000,607,8,0.23,250000,1,1,1,0.385,0,0
1,28,3,39712,767,6,0.21,200000,2,0,1,0.294,1,1
1,23,2,27161,711,0,0.28,250000,0,0,1,0.174,1,1
1,27,4,50615,720,4,0.28,50000,0,1,0,0.231,1,1
1,62,2,24947,767,40,0.32,250000,1,1,0,0.145,1,1
0,53,2,25547,617,31,0.19,200000,1,0,1,0.226,0,1
1,41,2,24159,640,17,0.23,250000,1,0,0,0.372,0,0
0,55,3,38952,722,33,0.39,200000,1,0,0,0.148,0,1
1,37,2,26505,639,15,0.27,100000,0,0,1,0.181,0,0
0,46,4,51731,682,23,0.24,150000,0,0,1,0.139,0,1
0,33,3,39446,760,9,0.18,50000,3,0,0,0.152,0,1
0,28,2,25842,703,6,0.29,200000,0,0,0,0.168,0,0
1,60,3,38797,625,37,0.32,150000,2,0,1,0.112,1,1
1,38,4,53162,722,16,0.31,100000,1,0,1,0.179,1,1
1,32,2,25732,748,9,0.23,300000,4,0,1,0.204,1,1
0,27,2,24580,689,5,0.28,250000,0,0,0,0.168,0,0
0,44,3,40537,737,21,0.37,250000,3,0,1,0.02,0,1
0,48,2,24219,651,25,0.32,200000,1,0,1,0.188,0,1
1,27,4,53490,714,3,0.2,200000,0,0,1,0.196,1,1
0,59,2,24378,593,36,0.07,200000,0,0,0,0.352,0,0
0,23,1,20000,704,1,0.27,50000,1,0,0,0.202,0,0
1,43,4,52977,719,20,0.31,250000,1,0,1,0.275,1,1
1,41,3,38470,619,18,0.17,250000,1,1,1,0.166,0,0
0,46,1,20000,753,24,0.25,200000,3,0,1,0.304,0,1
0,36,4,51169,731,14,0.23,250000,1,0,1,0.124,1,1
0,50,2,24232,641,27,0.26,150000,1,0,1,0.24,0,1
1,29,2,25394,716,7,0.21,150000,2,0,0,0.267,1,1
0,58,4,50921,645,35,0.34,300000,2,0,1,0.255,0,1
1,54,2,26281,633,31,0.26,150000,0,1,1,0.373,0,0
1,43,1,20000,616,20,0.19,200000,2,0,1,0.153,0,0
1,26,2,24366,624,4,0.31,150000,1,0,1,0.313,0,0
0,60,3,37480,714,36,0.16,200000,0,0,1,0.292,0,1
0,39,1,20000,675,15,0.34,200000,0,0,0,0.204,0,0
1,59,2,27434,721,36,0.32,200000,0,0,1,0.347,1,1
1,58,3,39637,534,35,0.35,150000,1,0,1,0.188,0,0
0,51,2,27582,658,29,0.24,100000,0,0,1,0.202,0,1
1,52,3,38118,669,28,0.22,200000,1,0,0,0.2,1,1
0,31,4,51865,702,7,0.26,250000,2,1,0,0.098,0,1
1,36,2,26034,681,12,0.24,50000,2,0,1,0.261,1,1
1,63,2,24215,692,41,0.2,100000,2,0,1,0.248,1,1
1,65,2,24724,684,43,0.21,50000,2,1,0,0.192,1,1
1,39,3,38839,664,17,0.22,250000,3,0,1,0.341,1,1
0,44,3,37711,668,21,0.17,200000,3,0,0,0.165,0,1
1,54,2,25887,677,32,0.3,300000,3,1,1,0.062,0,0
1,37,2,27614,707,14,0.25,150000,0,1,0,0.352,0,0
0,59,2,25825,684,36,0.23,150000,0,0,1,0.281,0,1
1,56,2,27926,636,33,0.17,200000,1,0,1,0.25,1,1
1,55,2,24984,633,32,0.17,100000,1,0,0,0.173,1,1
0,49,3,38158,718,27,0.39,150000,0,0,1,0.227,0,1
0,23,2,25106,721,1,0.21,150000,0,0,0,0.099,0,0
1,51,3,37390,748,27,0.29,100000,4,0,1,0.182,1,1
0,34,2,25070,652,10,0.26,150000,1,0,1,0.128,0,0
0,62,2,24391,576,39,0.06,50000,1,0,1,0.221,0,1
1,37,1,20000,690,13,0.38,100000,0,0,0,0.274,0,0
1,26,3,37384,650,2,0.3,100000,2,0,0,0.116,0,0
0,49,1,20000,664,25,0.2,200000,1,0,1,0.258,0,0
0,60,1,20000,678,37,0.25,100000,0,1,0,0.216,0,0
1,41,2,25282,710,17,0.17,150000,4,0,1,0.255,1,1
0,45,3,39651,739,23,0.38,50000,2,0,0,0.181,0,1
0,48,1,20000,734,25,0.19,150000,2,0,0,0.256,0,1
1,51,1,20000,742,29,0.21,150000,4,0,0,0.144,1,1
1,48,3,37398,695,25,0.2,250000,1,0,1,0.065,1,1
1,47,3,39147,597,25,0.26,200000,2,0,1,0.084,1,1
0,28,2,27572,646,4,0.35,100000,0,0,0,0.16,0,0
1,63,3,37382,767,40,0.38,100000,2,1,0,0.071,1,1
0,59,2,26754,688,37,0.22,100000,0,0,0,0.324,0,1
0,26,3,40263,809,3,0.28,300000,0,0,0,0.193,0,1
0,44,3,40651,669,22,0.26,200000,1,0,1,0.274,0,1
1,49,1,20000,797,25,0.18,50000,0,0,1,0.263,1,1
0,55,3,40825,689,32,0.42,100000,1,0,1,0.201,0,1
1,36,2,27673,656,13,0.35,150000,1,1,1,0.483,0,0
0,53,2,27416,640,31,0.26,100000,2,0,1,0.434,0,1
1,47,3,39057,726,25,0.36,200000,0,0,1,0.311,1,1
1,52,4,52311,622,28,0.33,150000,0,0,1,0.128,1,1
0,40,1,20000,639,18,0.26,150000,2,0,1,0.315,0,0
1,30,1,20000,667,8,0.27,150000,2,0,0,0.06,0,0
1,50,1,20000,545,28,0.36,100000,0,0,1,0.312,0,0
0,60,4,52809,694,36,0.18,150000,1,0,1,0.02,1,1
0,25,3,40642,784,1,0.37,200000,2,0,1,0.174,0,1
0,24,3,39242,713,1,0.23,150000,0,0,1,0.297,0,1
0,50,1,20000,633,26,0.36,150000,1,0,0,0.231,0,0
1,32,3,38430,663,10,0.25,250000,1,0,0,0.082,1,1
1,54,3,40367,708,31,0.27,100000,3,0,1,0.214,1,1
1,59,3,38913,661,35,0.25,150000,0,0,1,0.231,1,1
1,32,2,26144,705,8,0.21,150000,1,0,1,0.216,1,1
0,48,1,20000,640,26,0.23,200000,3,0,0,0.167,0,0
0,54,2,27710,623,32,0.35,50000,1,0,0,0.268,0,0
1,42,3,37757,754,18,0.09,200000,1,0,1,0.292,1,1
1,60,1,20000,708,37,0.16,50000,0,0,1,0.188,1,1
0,52,3,37990,586,30,0.2,50000,4,1,1,0.322,0,0
1,59,2,26124,661,35,0.17,200000,3,0,1,0.187,1,1
0,23,3,38912,747,0,0.36,200000,2,0,1,0.161,0,1
1,48,2,25739,670,26,0.34,250000,0,0,1,0.309,1,1
0,57,1,20000,638,34,0.29,150000,0,1,0,0.306,0,0
1,32,2,27217,666,9,0.21,150000,1,0,0,0.15,0,0
0,39,2,24660,686,16,0.34,200000,0,0,1,0.139,0,1
0,22,1,20000,660,0,0.14,100000,2,0,0,0.341,0,0
0,56,3,38134,685,34,0.4,50000,2,0,1,0.192,0,1
0,56,1,20000,661,34,0.2,100000,3,0,1,0.2,0,1
0,52,2,27712,626,29,0.23,100000,0,0,0,0.18,0,0
0,49,1,20000,613,26,0.22,100000,2,0,0,0.306,0,0
1,60,1,20000,610,38,0.17,300000,2,0,0,0.372,0,0
0,22,2,27368,685,0,0.38,200000,1,0,1,0.206,0,0
0,46,1,20000,702,24,0.31,300000,3,0,0,0.393,0,0
1,64,2,25672,628,41,0.34,300000,0,0,0,0.156,1,1
0,59,1,20000,587,35,0.16,150000,2,0,1,0.177,0,0
0,41,3,40405,642,17,0.26,100000,4,0,0,0.254,0,1
0,24,1,20000,747,1,0.29,150000,1,0,0,0.135,0,0
1,23,1,20000,652,1,0.27,250000,1,0,0,0.253,0,0
1,39,2,24670,668,17,0.17,150000,0,0,0,0.159,0,0
0,65,4,51751,656,43,0.33,150000,2,0,1,0.076,0,1
0,31,3,37537,721,9,0.26,100000,2,0,1,0.061,0,1
1,26,3,38821,683,3,0.18,150000,0,0,0,0.174,1,1
0,30,1,20000,630,6,0.12,150000,2,0,1,0.233,0,0
0,23,3,37429,633,0,0.29,150000,3,0,0,0.091,0,0
1,55,1,20000,690,32,0.42,250000,3,0,1,0.214,1,1
0,59,2,27140,694,37,0.18,50000,1,1,1,0.215,0,1
1,52,3,39180,621,28,0.26,300000,1,0,1,0.187,1,1
1,31,2,24188,747,8,0.33,50000,3,0,0,0.126,1,1
1,33,4,51746,664,11,0.16,300000,1,0,0,0.219,1,1
0,57,1,20000,547,33,0.22,150000,2,0,1,0.189,0,0
1,42,4,51701,784,19,0.19,200000,2,1,0,0.279,1,1
1,27,3,40995,684,3,0.32,100000,1,0,1,0.097,1,1
1,24,2,27993,703,0,0.34,200000,0,0,0,0.209,0,0
1,31,1,20000,761,8,0.26,250000,0,0,0,0.098,0,0
0,26,2,27945,624,3,0.19,100000,1,0,1,0.181,0,0
1,47,4,52326,726,23,0.22,100000,1,0,1,0.112,1,1
1,42,2,27501,744,18,0.21,100000,3,0,1,0.127,1,1
0,47,3,38648,638,24,0.18,100000,1,1,0,0.2,0,0
1,59,4,52589,780,37,0.24,50000,0,0,0,0.155,1,1
1,65,2,27906,602,43,0.29,200000,1,0,1,0.317,1,1
1,47,2,26011,674,25,0.28,100000,0,0,1,0.294,1,1
1,29,3,38184,630,7,0.25,200000,0,0,1,0.264,1,1
1,26,1,20000,708,3,0.25,250000,0,1,1,0.263,0,0
1,36,1,20000,616,14,0.24,200000,1,0,0,0.21,0,0
1,37,2,26500,646,13,0.16,50000,0,0,1,0.304,1,1
0,22,2,26936,631,0,0.26,150000,0,0,1,0.176,0,0
1,37,3,37850,623,14,0.21,150000,2,0,1,0.37,1,1
0,58,1,20000,627,36,0.16,150000,0,0,0,0.125,0,0
0,24,4,50829,697,2,0.28,100000,0,0,1,0.11,0,1
1,52,1,20000,664,29,0.21,250000,4,0,1,0.088,0,0
0,34,3,38080,678,12,0.27,200000,2,0,1,0.102,0,1
1,37,2,25263,643,14,0.31,100000,0,1,0,0.07,0,0
0,64,1,20000,650,42,0.18,150000,0,0,0,0.217,0,0
1,42,1,20000,582,19,0.26,100000,2,0,1,0.268,0,0
1,23,3,39248,651,1,0.12,300000,1,0,1,0.203,1,1
1,48,4,52491,687,24,0.36,300000,0,0,0,0.089,1,1
0,59,2,27908,696,35,0.15,100000,0,0,0,0.162,0,1
1,47,2,26874,689,24,0.21,150000,4,0,1,0.267,1,1
0,59,2,25325,612,36,0.34,150000,2,0,1,0.173,0,1
1,46,1,20000,693,23,0.23,150000,1,0,0,0.136,0,0
0,32,3,40873,696,8,0.17,100000,0,0,0,0.079,0,1
1,29,3,39148,769,6,0.3,200000,0,0,1,0.166,1,1
0,29,2,25120,597,7,0.3,100000,1,0,0,0.144,0,0
1,54,4,51688,692,31,0.21,200000,4,0,0,0.193,1,1
1,28,1,20000,726,5,0.21,150000,0,0,1,0.238,0,0
1,59,3,39076,673,37,0.22,200000,4,0,0,0.177,1,1
1,42,2,25529,629,20,0.24,200000,0,1,0,0.215,0,0
0,29,2,26712,635,5,0.12,150000,1,0,1,0.238,0,0
1,42,2,25461,723,20,0.24,200000,0,0,1,0.102,1,1
0,41,2,25402,594,19,0.37,150000,2,0,0,0.351,0,0
1,29,3,37072,671,6,0.19,50000,1,0,0,0.141,1,1
1,52,3,37253,641,28,0.21,100000,2,0,0,0.241,1,1
1,50,2,25934,635,28,0.17,100000,1,0,0,0.109,0,0
1,30,3,37515,714,6,0.29,50000,1,0,1,0.209,1,1
0,36,2,26796,658,14,0.33,200000,2,0,1,0.212,0,0
1,51,3,40621,702,27,0.33,150000,0,0,1,0.333,1,1
1,47,1,20000,601,25,0.16,50000,1,0,0,0.181,0,0
0,31,1,20000,715,8,0.28,200000,0,0,0,0.304,0,0
0,50,2,26582,691,26,0.35,200000,1,0,0,0.223,0,1
1,37,2,24420,748,13,0.29,150000,2,0,0,0.348,1,1
1,57,3,39493,667,35,0.28,100000,0,0,0,0.058,1,1
0,41,2,24878,704,17,0.22,100000,4,0,0,0.239,0,1
1,58,1,20000,713,36,0.27,150000,3,0,1,0.02,1,1
1,43,2,27576,703,19,0.34,250000,1,0,1,0.195,1,1
1,28,3,40831,783,4,0.27,100000,0,0,1,0.282,1,1
0,44,3,38324,598,21,0.16,150000,2,0,0,0.316,0,1
0,62,1,20000,679,39,0.22,300000,3,0,1,0.259,0,1
1,61,1,20000,647,37,0.33,200000,0,0,0,0.177,0,0
1,50,3,39694,663,27,0.27,150000,3,0,0,0.244,1,1
1,37,1,20000,752,13,0.26,200000,3,0,0,0.401,1,1
0,59,1,20000,635,37,0.21,250000,1,0,0,0.206,0,0
1,49,1,20000,716,25,0.33,150000,2,0,0,0.277,1,1
1,59,2,24749,622,35,0.37,250000,1,0,0,0.166,0,0
0,52,2,27598,736,29,0.34,150000,2,0,0,0.286,0,1
1,35,3,40860,688,12,0.35,250000,1,0,1,0.272,1,1
0,54,2,26173,664,32,0.22,300000,0,0,0,0.151,0,1
1,30,3,39392,605,8,0.21,150000,2,0,0,0.262,0,0
1,48,1,20000,654,26,0.24,150000,0,0,1,0.266,0,0
1,45,3,39871,652,21,0.25,150000,2,0,0,0.259,1,1
0,34,2,26609,776,12,0.35,200000,3,1,1,0.197,0,1
0,47,2,26694,682,25,0.33,250000,0,1,0,0.298,0,0
0,50,2,26677,647,27,0.29,50000,1,0,1,0.125,0,1
1,64,1,20000,634,41,0.15,200000,2,1,1,0.201,0,0
0,49,2,24817,605,27,0.13,200000,0,0,1,0.209,0,0
1,49,3,39107,773,27,0.27,200000,3,0,0,0.294,1,1
1,29,1,20000,739,5,0.31,200000,1,0,1,0.123,0,0
0,44,4,50466,696,20,0.24,50000,2,0,1,0.219,0,1
1,50,4,50627,819,27,0.38,150000,0,0,1,0.161,1,1
1,26,2,26438,679,4,0.17,200000,0,0,1,0.209,1,1
1,63,4,52983,760,41,0.17,300000,0,1,1,0.231,1,1
1,28,1,20000,701,6,0.2,100000,0,0,1,0.098,0,0
1,63,1,20000,638,41,0.2,150000,1,0,0,0.301,0,0
0,57,1,20000,680,35,0.29,200000,2,0,1,0.234,0,1
1,62,2,24599,700,38,0.22,200000,0,0,1,0.131,1,1
0,48,1,20000,598,24,0.14,150000,0,0,1,0.173,0,0
0,23,4,51384,715,1,0.31,50000,1,0,1,0.32,0,1
1,46,1,20000,732,22,0.13,200000,2,1,1,0.233,0,0
1,30,2,25855,641,6,0.18,200000,2,1,1,0.123,0,0
1,48,3,39496,678,26,0.14,200000,0,0,0,0.137,1,1
0,22,2,27765,618,0,0.26,200000,3,0,0,0.25,0,0
1,44,2,25887,653,22,0.26,150000,3,0,1,0.26,1,1
0,31,3,37679,667,7,0.38,300000,1,0,1,0.229,0,1
1,63,2,27252,766,41,0.31,200000,2,0,1,0.177,1,1
0,46,2,25835,662,24,0.35,150000,1,0,0,0.265,0,0
1,24,2,26177,650,0,0.27,300000,4,0,0,0.175,0,0
1,27,2,24148,674,3,0.18,250000,1,0,0,0.132,0,0
0,27,4,51495,606,4,0.26,200000,4,0,0,0.327,0,1
0,23,3,37817,560,1,0.29,150000,0,0,0,0.239,0,0
1,39,2,25744,603,17,0.3,150000,1,0,0,0.137,0,0
0,44,2,25646,697,22,0.22,100000,2,0,0,0.211,0,1
1,23,2,26995,679,1,0.28,100000,2,0,1,0.202,0,0
0,33,4,52547,747,9,0.18,150000,2,0,1,0.172,1,1
0,43,1,20000,586,19,0.18,150000,3,0,0,0.219,0,0
1,58,2,25378,668,35,0.17,100000,2,0,1,0.126,1,1
1,41,3,38939,602,19,0.25,250000,2,0,1,0.27,1,1
1,60,4,53282,714,37,0.17,150000,1,0,1,0.2,1,1
1,45,1,20000,594,22,0.22,150000,1,0,0,0.071,0,0
0,41,2,27667,666,18,0.31,150000,1,0,0,0.182,0,0
1,22,2,25053,691,0,0.18,50000,2,0,0,0.151,0,0
1,22,1,20000,648,0,0.21,250000,1,0,0,0.02,0,0
0,38,3,40095,565,14,0.26,100000,0,0,1,0.188,0,0
0,22,3,40031,781,0,0.27,200000,0,0,0,0.283,0,1
1,51,3,37722,662,28,0.22,150000,4,0,1,0.191,1,1
1,62,1,20000,581,38,0.31,150000,0,1,0,0.257,0,0
1,24,1,20000,711,0,0.29,150000,0,0,1,0.201,0,0
1,32,2,25641,723,9,0.33,100000,1,0,0,0.163,1,1
0,45,2,24683,663,21,0.24,100000,0,0,1,0.141,0,1
1,43,3,37741,774,19,0.21,150000,1,1,1,0.097,1,1
0,65,1,20000,629,43,0.2,200000,0,0,1,0.274,0,1
1,47,1,20000,679,24,0.27,150000,0,0,0,0.258,0,0
0,34,2,26627,708,12,0.22,100000,3,0,0,0.178,0,1
0,22,2,27948,763,0,0.21,50000,2,0,0,0.038,0,1
0,45,2,26448,573,22,0.22,200000,0,0,1,0.238,0,0
1,31,3,39045,816,9,0.2,150000,2,0,0,0.128,1,1
1,56,1,20000,734,34,0.26,100000,2,0,1,0.212,1,1
1,45,3,39948,714,21,0.15,200000,2,0,0,0.077,1,1
0,49,2,25627,636,27,0.27,100000,1,0,0,0.207,0,0
0,57,2,26559,631,34,0.3,150000,0,0,1,0.189,0,1
0,37,4,52135,715,13,0.21,100000,2,0,0,0.02,0,1
0,61,2,25488,707,37,0.38,300000,1,0,0,0.329,0,1
0,37,3,37049,710,13,0.25,100000,0,1,1,0.174,0,1
1,38,2,24102,688,15,0.14,150000,1,0,1,0.179,1,1
0,36,2,24367,703,13,0.23,300000,2,1,0,0.243,0,0
1,37,3,37935,569,14,0.25,100000,1,0,0,0.196,0,0
1,36,4,53563,685,14,0.28,200000,0,0,1,0.229,1,1
1,55,3,40629,613,33,0.23,100000,3,0,1,0.108,1,1
1,32,2,25714,677,8,0.18,50000,3,0,0,0.189,0,0
1,22,2,25802,751,0,0.17,200000,1,0,1,0.047,1,1
0,36,3,40339,640,13,0.2,250000,1,0,1,0.181,0,1
1,47,3,38420,650,24,0.21,150000,2,0,1,0.316,1,1
0,25,1,20000,623,3,0.17,200000,0,0,0,0.08,0,0
1,64,2,27591,640,42,0.2,150000,2,0,1,0.172,1,1
1,26,3,40520,720,3,0.3,150000,2,1,0,0.03,0,0
1,56,2,25800,723,33,0.37,150000,1,1,0,0.201,1,1
1,34,2,27547,760,12,0.3,100000,0,0,0,0.237,1,1
0,31,3,39945,634,7,0.34,150000,0,0,0,0.231,0,0
1,32,1,20000,707,8,0.32,150000,2,0,0,0.152,0,0
0,39,2,26956,726,17,0.31,250000,0,0,1,0.028,0,1
1,55,3,40311,780,33,0.23,150000,1,0,1,0.101,1,1
0,60,2,26305,628,36,0.26,200000,1,0,0,0.301,0,1
0,62,3,40779,579,40,0.22,100000,0,0,0,0.27,0,1
0,63,1,20000,654,39,0.23,100000,1,0,1,0.193,0,1
1,44,2,25967,834,20,0.25,200000,1,0,1,0.213,1,1
1,28,1,20000,609,6,0.3,200000,2,0,1,0.118,0,0
1,60,4,53714,726,37,0.28,150000,0,0,1,0.303,1,1
0,24,2,24389,558,1,0.24,100000,0,0,1,0.142,0,0
1,33,2,25366,779,10,0.25,250000,3,0,0,0.235,1,1
1,28,1,20000,566,5,0.28,100000,2,0,0,0.094,0,0
0,47,1,20000,538,24,0.3,200000,2,1,0,0.186,0,0
1,54,2,27458,685,31,0.14,200000,0,0,1,0.3,1,1
0,58,1,20000,676,35,0.17,200000,0,0,1,0.124,0,1
1,36,2,24682,758,14,0.33,300000,2,0,1,0.26,1,1
1,23,2,27730,726,1,0.25,200000,3,0,1,0.114,1,1
0,62,3,37269,579,39,0.22,100000,3,0,0,0.128,0,1
1,28,3,37148,681,6,0.23,150000,3,0,1,0.199,1,1
0,53,2,27451,641,29,0.23,150000,0,1,0,0.278,0,0
1,25,2,24810,606,2,0.29,50000,3,0,1,0.176,0,0
1,41,3,37027,713,17,0.17,250000,3,0,0,0.249,1,1
0,57,3,40220,747,35,0.25,50000,0,0,0,0.292,0,1
0,53,1,20000,625,30,0.27,200000,1,0,1,0.138,0,0
0,49,4,52327,681,25,0.28,200000,1,0,1,0.078,0,1
1,34,1,20000,655,12,0.27,250000,0,1,1,0.172,0,0
0,22,1,20000,633,0,0.29,150000,1,0,0,0.302,0,0
1,56,1,20000,646,33,0.21,200000,3,0,1,0.135,0,0
1,51,4,51173,663,27,0.18,100000,3,1,1,0.281,1,1
0,57,2,24338,686,33,0.42,200000,4,0,1,0.179,0,1
1,46,3,38068,657,22,0.23,150000,1,0,1,0.34,1,1
0,37,2,27573,703,15,0.24,250000,1,0,1,0.38,0,1
1,40,2,24841,647,16,0.3,100000,2,0,0,0.283,0,0
1,22,2,24188,715,0,0.36,100000,1,0,0,0.068,0,0
1,26,3,37650,656,2,0.21,150000,0,0,1,0.02,1,1
0,43,1,20000,703,20,0.18,200000,2,0,1,0.205,0,1
0,45,2,24293,633,21,0.16,200000,0,0,0,0.273,0,0
0,64,1,20000,718,40,0.36,100000,0,0,0,0.24,0,1
0,58,3,40104,592,36,0.18,100000,0,1,1,0.142,0,1
0,57,2,25322,679,35,0.25,100000,4,0,0,0.081,0,1
0,57,2,26462,648,33,0.18,150000,0,0,0,0.274,0,1
1,25,2,25647,677,3,0.15,150000,1,0,1,0.349,1,1
1,57,4,50802,634,35,0.23,150000,4,0,0,0.146,1,1
1,39,3,40620,679,17,0.18,200000,1,0,0,0.266,1,1
0,37,3,37430,628,14,0.2,150000,0,0,0,0.408,0,1
0,62,2,25518,666,38,0.39,300000,2,0,1,0.185,0,1
1,39,1,20000,651,15,0.28,100000,0,0,0,0.186,0,0
0,43,4,53094,718,19,0.32,200000,0,0,1,0.245,0,1
0,23,2,27491,683,1,0.31,150000,3,0,1,0.177,0,0
1,42,2,27495,783,20,0.24,100000,0,0,0,0.307,1,1
0,57,2,24486,651,35,0.22,150000,2,0,0,0.168,0,1
0,65,4,53801,692,42,0.27,150000,1,0,1,0.198,1,1
1,60,2,24088,850,38,0.26,100000,0,0,0,0.085,1,1
0,60,2,27280,667,37,0.21,150000,1,0,1,0.181,0,1
1,50,3,37270,742,26,0.26,150000,0,0,0,0.119,1,1
0,47,2,25956,711,25,0.2,100000,1,0,1,0.228,0,1
0,42,2,25772,808,19,0.24,150000,1,0,1,0.067,0,1
0,38,4,50899,621,15,0.23,150000,0,1,1,0.278,0,1
1,37,4,53477,615,15,0.16,100000,2,0,0,0.13,1,1
0,52,3,38744,628,29,0.09,100000,0,0,1,0.343,0,1
0,30,3,37277,699,8,0.18,200000,1,0,0,0.31,0,1
1,52,2,26000,624,29,0.38,200000,2,0,1,0.243,0,0
0,35,4,52253,582,11,0.23,300000,1,0,1,0.077,0,1
1,58,2,27661,629,34,0.3,50000,3,0,0,0.15,0,0
0,23,3,39960,710,0,0.1,50000,2,0,1,0.128,0,1
1,35,4,52375,650,13,0.18,50000,4,1,0,0.138,1,1
1,54,3,38633,752,30,0.16,150000,0,0,0,0.326,1,1
1,56,3,39905,628,32,0.24,200000,4,1,1,0.188,1,1
0,60,3,39924,690,36,0.42,150000,2,0,0,0.147,0,1
1,41,1,20000,648,19,0.28,200000,2,0,1,0.14,0,0
0,23,3,39383,700,0,0.37,200000,3,0,0,0.157,0,1
1,62,1,20000,685,40,0.23,300000,2,0,1,0.243,1,1
1,40,2,26639,767,18,0.35,100000,3,0,1,0.07,1,1
1,58,1,20000,707,34,0.4,50000,1,0,0,0.208,1,1
0,39,2,25013,656,16,0.24,100000,2,0,0,0.234,0,0
1,37,3,40991,723,13,0.21,50000,1,1,0,0.061,1,1
0,25,4,53299,741,1,0.16,300000,0,0,1,0.087,0,1
0,33,2,25506,792,11,0.23,100000,2,0,1,0.196,0,1
0,50,2,27205,671,28,0.26,150000,4,0,0,0.315,0,1
1,28,2,24707,675,6,0.39,100000,2,1,0,0.296,0,0
1,35,4,50977,772,11,0.16,100000,2,1,1,0.151,1,1
0,33,2,27461,570,10,0.25,100000,2,0,1,0.313,0,0
1,56,3,38817,678,33,0.12,100000,1,0,1,0.174,1,1
0,26,4,53684,738,2,0.22,150000,0,0,1,0.174,0,1
1,38,2,26472,737,15,0.27,300000,0,1,1,0.208,1,1
0,63,4,52634,578,39,0.29,150000,0,0,1,0.267,0,1
0,53,4,50805,626,30,0.29,150000,2,0,1,0.151,0,1
0,31,4,51533,562,7,0.28,50000,3,0,1,0.168,0,1
1,64,2,24719,728,41,0.29,250000,0,0,1,0.1,1,1
0,38,2,27666,691,16,0.25,50000,0,0,0,0.228,0,1
1,26,3,40498,768,4,0.18,250000,1,0,0,0.275,1,1
1,63,2,24948,681,41,0.12,150000,0,1,1,0.28,1,1
0,30,3,39702,813,8,0.21,100000,1,0,0,0.091,0,1
0,54,1,20000,618,30,0.24,150000,0,0,1,0.169,0,0
0,57,1,20000,649,34,0.34,300000,1,0,1,0.3,0,0
0,57,2,27432,702,33,0.24,100000,3,0,0,0.219,0,1
1,39,2,27870,640,17,0.24,100000,1,0,0,0.203,0,0
1,30,2,26258,702,7,0.28,50000,2,1,0,0.201,0,0
0,50,2,27250,673,26,0.23,150000,2,0,0,0.243,0,1
1,35,2,27991,670,13,0.31,50000,1,1,1,0.223,0,0
1,46,3,38081,683,23,0.39,200000,3,0,0,0.154,1,1
1,36,3,40144,728,13,0.4,250000,2,0,1,0.27,1,1
1,27,2,24214,661,5,0.26,300000,0,0,0,0.104,0,0
1,63,2,24899,618,41,0.27,50000,0,0,1,0.306,1,1
1,50,1,20000,673,27,0.36,150000,2,0,0,0.128,0,0
1,36,2,25982,645,14,0.24,50000,1,0,1,0.244,0,0
1,50,2,25096,625,26,0.3,150000,1,0,0,0.187,0,0
0,25,2,26514,584,3,0.17,200000,0,0,0,0.162,0,0
1,39,2,25294,731,17,0.23,150000,0,0,1,0.309,1,1
1,65,3,40570,726,43,0.33,250000,2,1,1,0.259,1,1
0,60,1,20000,747,37,0.2,200000,3,0,0,0.195,0,1
1,37,4,51257,700,14,0.24,100000,2,1,0,0.34,1,1
0,32,1,20000,729,10,0.14,200000,0,0,1,0.278,0,1
0,35,4,53090,648,12,0.39,50000,4,0,1,0.136,0,1
1,24,2,26672,575,2,0.34,150000,2,0,0,0.02,0,0
1,63,2,27646,638,39,0.26,100000,2,0,0,0.209,1,1
0,59,2,26419,668,36,0.29,300000,0,0,0,0.311,0,1
0,63,1,20000,689,41,0.28,150000,1,1,0,0.249,0,0
1,39,2,27348,750,16,0.35,200000,3,0,0,0.326,1,1
0,41,1,20000,687,17,0.21,200000,1,0,0,0.152,0,0
1,46,3,39802,814,22,0.3,200000,2,1,0,0.191,1,1
0,59,2,27216,686,37,0.33,200000,2,0,1,0.193,0,1
1,34,3,38681,695,11,0.34,100000,0,0,0,0.219,1,1
0,25,2,27152,698,1,0.09,200000,2,0,1,0.261,0,1
0,35,4,52369,720,12,0.21,150000,0,0,0,0.331,0,1
0,54,2,24434,700,32,0.18,150000,2,0,0,0.347,0,1
1,49,1,20000,602,25,0.26,50000,4,0,0,0.333,0,0
1,58,2,25066,726,34,0.11,100000,4,0,0,0.254,1,1
1,29,2,25336,817,6,0.11,300000,3,0,1,0.173,1,1
1,65,1,20000,621,41,0.4,100000,1,0,0,0.218,0,0
1,55,2,26340,677,33,0.29,150000,2,0,1,0.252,1,1
0,65,3,37687,614,43,0.26,100000,2,1,1,0.211,0,1
1,26,4,50887,741,2,0.28,100000,0,0,1,0.127,1,1
1,26,2,24068,721,4,0.26,100000,0,0,1,0.163,1,1
0,52,4,52103,617,28,0.32,150000,2,1,0,0.269,0,1
0,30,4,52678,627,6,0.21,250000,0,0,0,0.18,0,1
0,63,3,40275,575,39,0.26,100000,3,1,0,0.202,0,0
0,53,2,24419,766,29,0.27,100000,1,0,0,0.194,0,1
1,54,1,20000,623,31,0.18,150000,0,0,0,0.129,0,0
1,24,2,26614,672,0,0.34,150000,1,0,1,0.186,0,0
0,51,3,39597,669,29,0.22,250000,3,0,0,0.163,0,1
0,33,2,24242,734,10,0.32,150000,4,0,1,0.145,0,1
1,50,1,20000,706,28,0.26,150000,0,0,0,0.115,1,1
0,24,2,26795,713,0,0.36,150000,2,0,0,0.192,0,0
1,47,1,20000,625,25,0.18,200000,2,0,1,0.249,0,0
1,51,3,39574,727,28,0.17,150000,2,0,0,0.29,1,1
1,30,1,20000,721,8,0.19,100000,2,0,1,0.088,0,0
0,47,3,39124,725,24,0.26,100000,0,0,0,0.329,0,1
0,23,3,39008,619,0,0.36,300000,1,0,0,0.223,0,0
1,24,1,20000,607,0,0.36,200000,1,0,0,0.11,0,0
0,25,2,27892,775,3,0.09,50000,0,0,0,0.168,0,1
1,46,3,37439,796,24,0.27,250000,0,1,1,0.05,1,1
1,34,2,25286,676,10,0.03,150000,0,1,0,0.07,0,0
0,60,1,20000,666,36,0.31,150000,2,0,0,0.338,0,0
0,65,2,25078,688,43,0.33,50000,0,1,0,0.144,0,1
0,56,2,25331,711,32,0.25,200000,2,1,0,0.243,0,1
0,44,2,26563,600,21,0.26,100000,2,0,1,0.191,0,0
0,30,1,20000,682,7,0.26,200000,3,0,0,0.201,0,0
0,23,2,27623,623,1,0.2,50000,2,0,1,0.229,0,0
1,62,2,25253,678,40,0.28,200000,4,0,0,0.033,1,1
1,65,3,40448,641,41,0.23,50000,0,0,0,0.305,1,1
1,52,2,27357,644,28,0.32,100000,2,0,1,0.192,1,1
1,65,3,40209,699,42,0.24,100000,0,1,1,0.16,1,1
0,23,2,27549,646,1,0.19,100000,2,0,1,0.237,0,0
1,53,3,37614,629,31,0.14,150000,1,0,1,0.142,1,1
1,39,2,27078,759,17,0.12,100000,2,0,0,0.217,1,1
1,34,3,39723,630,12,0.34,300000,1,0,0,0.187,0,0
0,26,2,27490,552,3,0.22,150000,0,0,1,0.257,0,0
1,63,3,40543,721,40,0.27,150000,2,0,0,0.183,1,1
0,65,2,24419,664,43,0.37,100000,3,1,1,0.118,0,1
1,31,2,25900,678,8,0.21,150000,0,0,1,0.229,1,1
1,64,2,24275,688,42,0.21,100000,4,0,1,0.178,1,1
0,46,3,38584,759,23,0.24,200000,0,0,1,0.054,0,1
0,55,3,39655,792,31,0.25,100000,2,1,1,0.216,0,1
1,58,2,26618,693,35,0.38,200000,4,0,0,0.157,1,1
0,51,3,38766,625,29,0.36,150000,0,0,1,0.228,0,1
0,28,3,38712,698,4,0.29,300000,1,0,0,0.132,0,1
1,27,4,52137,732,5,0.35,100000,1,0,1,0.103,1,1
0,24,3,39329,745,0,0.24,50000,1,0,1,0.294,0,1
0,34,3,40619,697,10,0.27,150000,2,1,1,0.267,0,1
0,24,2,25194,649,1,0.23,300000,2,1,1,0.199,0,0
0,47,3,39685,640,24,0.16,200000,4,1,1,0.235,0,1
0,45,2,24810,673,21,0.33,50000,0,0,0,0.265,0,1
0,27,4,51378,617,3,0.29,150000,1,0,1,0.199,0,1
0,64,2,27275,701,40,0.25,250000,1,1,0,0.103,0,1
0,63,1,20000,679,41,0.25,50000,3,0,1,0.224,0,1
0,33,1,20000,679,10,0.14,100000,0,0,1,0.28,0,0
0,57,3,39509,729,35,0.18,200000,4,0,1,0.247,1,1
0,23,4,53680,779,0,0.27,250000,1,0,1,0.205,1,1
1,32,1,20000,666,10,0.21,200000,2,0,1,0.245,0,0
0,60,3,38196,694,37,0.23,300000,1,1,0,0.182,0,1
0,55,3,37300,669,31,0.24,50000,3,1,1,0.284,0,1
1,47,3,37599,720,23,0.2,150000,2,0,0,0.308,1,1
0,39,2,27982,679,16,0.18,200000,2,0,1,0.096,0,1
1,42,3,40934,753,18,0.14,200000,2,0,0,0.289,1,1
1,57,1,20000,732,33,0.24,200000,1,0,1,0.379,1,1
0,61,3,39187,707,39,0.29,250000,0,1,0,0.242,0,1
1,65,2,27837,675,42,0.13,150000,3,0,0,0.279,1,1
0,43,2,24277,664,19,0.25,50000,0,0,1,0.148,0,1
0,51,3,37662,716,28,0.27,150000,3,0,1,0.16,0,1
1,64,2,26558,706,42,0.18,200000,2,0,1,0.183,1,1
1,51,1,20000,654,28,0.35,100000,1,0,1,0.168,0,0
1,29,3,40917,705,7,0.22,200000,2,0,0,0.095,1,1
0,55,2,27211,637,33,0.24,100000,2,0,0,0.186,0,1
0,30,2,26161,704,8,0.24,50000,2,0,0,0.267,0,1
0,41,2,24579,642,17,0.13,150000,3,0,0,0.096,0,0
1,61,1,20000,712,39,0.32,200000,0,1,0,0.214,0,0
0,46,2,25389,662,23,0.18,150000,4,0,1,0.212,0,1
1,40,1,20000,762,17,0.23,200000,1,0,0,0.176,1,1
0,26,4,50636,702,2,0.29,150000,3,0,0,0.24,0,1
1,32,1,20000,683,8,0.35,100000,0,0,1,0.232,0,0
0,36,2,25848,603,14,0.17,50000,0,1,0,0.17,0,0
1,29,1,20000,747,7,0.22,200000,2,0,0,0.285,0,0
0,40,1,20000,667,18,0.35,150000,1,0,0,0.245,0,0
1,44,3,38873,785,20,0.28,250000,4,1,1,0.326,1,1
0,48,3,37874,692,24,0.3,150000,0,0,0,0.195,0,1
0,61,1,20000,658,38,0.18,150000,0,0,1,0.174,0,1
1,53,1,20000,641,31,0.22,150000,0,1,1,0.183,0,0
0,47,1,20000,705,25,0.24,100000,0,1,0,0.294,0,0
0,48,3,37939,718,25,0.19,150000,2,0,0,0.188,0,1
1,40,2,25682,606,17,0.13,150000,1,0,1,0.193,0,0
1,63,1,20000,638,40,0.21,200000,1,0,1,0.357,1,1
0,50,2,27182,719,27,0.34,100000,0,0,0,0.092,0,1
1,60,3,38898,654,38,0.25,100000,0,1,0,0.229,1,1
0,62,3,39405,645,38,0.35,50000,0,0,0,0.195,0,1
1,54,4,53309,710,32,0.26,100000,2,0,0,0.18,1,1
0,40,2,26050,684,17,0.2,150000,2,0,1,0.124,0,1
1,58,1,20000,644,34,0.34,300000,2,0,1,0.147,0,0
0,40,2,26451,777,18,0.26,200000,4,0,0,0.167,0,1
0,54,3,37024,681,31,0.32,200000,3,0,1,0.24,0,1
0,37,4,51866,630,13,0.18,100000,1,0,0,0.268,0,1
0,44,2,26556,590,20,0.32,100000,1,1,1,0.058,0,0
1,28,2,26743,736,4,0.32,100000,3,1,1,0.104,0,0
0,47,2,27536,619,25,0.27,100000,2,0,0,0.244,0,0
1,53,2,24060,681,30,0.19,150000,0,1,0,0.251,0,0
1,33,2,27579,631,11,0.25,150000,2,0,0,0.083,0,0
1,29,2,24122,674,7,0.29,250000,4,1,1,0.27,0,0
1,26,1,20000,689,4,0.27,300000,3,0,1,0.199,0,0
0,63,2,26102,604,39,0.29,150000,0,0,0,0.26,0,0
0,49,3,38186,664,26,0.32,200000,4,0,1,0.132,0,1
1,26,1,20000,632,4,0.2,200000,4,0,1,0.089,0,0
1,47,1,20000,616,24,0.17,100000,0,1,0,0.175,0,0
0,26,2,25062,659,2,0.25,250000,3,0,0,0.179,0,0
1,43,3,40768,655,21,0.23,100000,3,1,1,0.174,1,1
1,36,3,38106,738,13,0.31,200000,0,0,0,0.169,1,1
1,34,1,20000,630,10,0.17,150000,2,0,1,0.335,0,0
0,49,2,24545,704,27,0.32,150000,1,1,1,0.064,0,1
0,54,2,26160,702,32,0.34,150000,2,0,0,0.132,0,1
1,64,3,39472,607,41,0.25,250000,3,0,1,0.167,1,1
1,44,3,39965,662,21,0.25,100000,1,0,0,0.202,1,1
0,54,3,39277,683,32,0.2,50000,1,0,1,0.257,0,1
0,64,2,27354,694,42,0.21,150000,4,0,0,0.269,0,1
1,39,4,52964,686,15,0.22,50000,4,0,1,0.286,1,1
0,51,4,51310,757,27,0.35,200000,0,0,1,0.239,1,1
1,47,4,50154,705,25,0.24,200000,4,0,0,0.062,1,1
1,37,2,26212,704,14,0.16,250000,0,1,0,0.067,0,0
0,34,2,27009,647,11,0.27,200000,1,0,1,0.292,0,0
1,60,2,27253,705,38,0.31,250000,2,0,1,0.287,1,1
0,54,1,20000,776,30,0.25,200000,2,0,0,0.251,0,1
1,47,2,26696,708,25,0.35,300000,2,0,1,0.134,1,1
1,22,3,38362,750,0,0.3,100000,0,0,1,0.174,1,1
0,59,3,37937,673,37,0.18,150000,0,0,0,0.168,0,1
1,23,4,50511,750,1,0.21,300000,4,0,1,0.118,1,1
0,27,1,20000,725,3,0.27,200000,0,1,0,0.221,0,0
1,59,1,20000,683,36,0.13,250000,0,0,1,0.372,1,1
1,63,3,37186,685,40,0.27,50000,3,0,0,0.16,1,1
1,45,2,27111,597,23,0.13,250000,2,0,0,0.304,0,0
0,39,1,20000,668,16,0.32,200000,1,0,0,0.129,0,0
1,48,4,53564,731,25,0.31,100000,0,0,1,0.077,1,1
0,62,3,38702,647,39,0.29,50000,3,0,0,0.279,0,1
1,29,2,24390,610,6,0.2,100000,4,0,0,0.182,0,0
0,49,3,38283,695,25,0.26,250000,0,0,1,0.302,0,1
1,31,3,37654,702,7,0.21,200000,2,0,0,0.318,1,1
0,38,3,38739,615,14,0.18,250000,0,0,0,0.178,0,1
0,50,3,37175,692,26,0.23,150000,3,0,1,0.307,0,1
0,27,1,20000,685,3,0.3,300000,1,0,0,0.13,0,0
0,35,3,37763,762,12,0.25,150000,2,0,1,0.129,0,1
0,43,1,20000,643,21,0.35,100000,1,0,0,0.286,0,0
0,27,1,20000,784,5,0.3,100000,1,0,1,0.076,0,1
1,47,4,51223,702,23,0.3,300000,3,0,0,0.2,1,1
1,60,2,24710,613,37,0.14,100000,1,0,1,0.3,1,1
0,33,3,40267,671,9,0.23,100000,3,0,0,0.305,0,1
0,56,3,39873,628,34,0.18,50000,1,0,0,0.165,0,1
0,35,4,52636,690,12,0.24,100000,0,1,0,0.281,0,1
1,43,3,39578,715,20,0.2,250000,1,0,0,0.11,1,1
1,44,2,25085,694,21,0.22,150000,1,1,0,0.147,0,0
1,28,2,25350,617,6,0.32,200000,1,0,1,0.218,0,0
0,61,1,20000,601,39,0.28,250000,3,0,1,0.23,0,0
1,46,2,24280,703,22,0.32,150000,2,0,0,0.116,1,1
1,34,2,25963,715,10,0.14,250000,3,0,0,0.349,1,1
1,42,2,25785,653,20,0.25,100000,1,0,1,0.05,1,1
1,62,3,39274,550,38,0.32,300000,0,0,1,0.204,1,1
0,31,4,52686,636,9,0.36,50000,0,0,0,0.216,0,1
1,30,3,38081,744,7,0.14,200000,3,0,0,0.06,1,1
0,36,3,39968,649,12,0.23,200000,0,0,0,0.306,0,1
1,23,2,24476,660,1,0.32,100000,0,0,0,0.141,0,0
1,46,1,20000,700,24,0.24,150000,0,0,0,0.208,0,0
1,34,2,24715,663,12,0.19,100000,1,0,1,0.226,1,1
1,55,3,37242,766,31,0.14,50000,1,0,1,0.084,1,1
1,55,2,26414,659,31,0.18,150000,0,0,0,0.114,1,1
1,56,3,37935,642,33,0.13,300000,1,0,1,0.325,1,1
0,59,2,27915,745,35,0.25,150000,1,0,0,0.195,0,1
1,24,1,20000,672,0,0.31,150000,2,0,0,0.02,0,0
0,63,2,24837,620,39,0.16,50000,3,0,0,0.176,0,1
0,27,2,27323,705,4,0.27,100000,2,0,0,0.197,0,0
0,40,2,26953,663,17,0.31,150000,1,0,1,0.218,0,1
1,24,3,38345,626,1,0.25,300000,0,0,0,0.04,0,0
1,39,3,39423,695,15,0.14,250000,3,0,1,0.198,1,1
1,60,2,26028,671,38,0.28,150000,1,0,1,0.133,1,1
1,30,3,38432,597,6,0.25,150000,1,1,0,0.218,0,0
0,33,2,26758,621,10,0.24,150000,3,0,1,0.241,0,0
1,26,4,53559,802,2,0.21,200000,4,1,1,0.232,1,1
1,24,2,26390,684,0,0.26,200000,3,0,1,0.312,0,0
0,32,3,37239,764,10,0.29,200000,4,0,0,0.375,0,1
0,51,2,24138,696,29,0.42,50000,3,0,0,0.109,0,1
0,25,2,27193,748,1,0.26,300000,2,0,1,0.169,0,1
1,26,1,20000,700,3,0.36,50000,0,0,0,0.259,0,0
1,22,2,25584,627,0,0.28,150000,4,0,0,0.19,0,0
1,48,2,24303,713,24,0.24,250000,3,0,1,0.02,1,1
1,49,2,26162,627,25,0.26,150000,0,0,0,0.185,0,0
1,50,4,52390,751,27,0.16,50000,1,0,1,0.299,1,1
1,39,3,38274,701,16,0.27,100000,0,0,1,0.088,1,1
1,33,3,39026,691,10,0.11,150000,4,0,1,0.218,1,1
1,34,3,37006,665,11,0.19,50000,2,0,1,0.047,1,1
1,62,4,52778,743,39,0.26,150000,0,0,0,0.27,1,1
0,23,2,27660,671,0,0.33,100000,0,0,1,0.219,0,0
0,58,2,26226,574,35,0.35,200000,4,0,1,0.155,0,0
0,37,3,38168,595,13,0.23,50000,2,0,0,0.167,0,0
1,45,3,37415,620,21,0.26,200000,1,0,0,0.08,1,1
1,56,2,26713,723,32,0.32,150000,1,0,1,0.281,1,1
1,43,2,25144,727,21,0.16,150000,0,0,0,0.136,1,1
0,57,2,25147,697,34,0.28,100000,0,0,0,0.24,0,1
0,32,4,50149,717,9,0.19,150000,2,0,0,0.123,0,1
1,50,2,26444,759,26,0.24,200000,1,0,0,0.376,1,1
0,56,4,52428,718,34,0.22,50000,1,1,0,0.325,0,1
1,36,4,51803,735,13,0.28,250000,2,0,1,0.366,1,1
1,52,3,37838,689,28,0.29,250000,0,0,1,0.375,1,1
0,63,2,26048,654,41,0.31,50000,4,0,1,0.149,0,1
0,62,2,25696,664,38,0.27,150000,0,0,0,0.129,0,1
0,64,1,20000,782,42,0.26,150000,0,0,0,0.362,0,1
0,37,1,20000,610,13,0.38,50000,0,0,0,0.189,0,0
1,31,3,38421,707,8,0.14,150000,0,1,0,0.267,1,1
0,53,2,25274,596,29,0.37,300000,0,0,1,0.15,0,0
1,23,1,20000,636,0,0.23,150000,1,0,0,0.152,0,0
0,45,2,27647,722,23,0.29,300000,2,0,0,0.266,0,1
1,44,4,53370,600,22,0.23,200000,0,0,1,0.042,1,1
0,23,2,26807,729,0,0.2,50000,1,0,0,0.263,0,1
1,59,4,53001,812,35,0.28,50000,4,1,1,0.242,1,1
0,52,2,25320,700,30,0.32,200000,0,0,0,0.158,0,1
1,61,2,24976,749,38,0.28,150000,2,0,0,0.202,1,1
0,47,1,20000,683,24,0.21,100000,0,0,1,0.214,0,1
1,50,2,25138,719,28,0.5,150000,0,0,0,0.219,1,1
1,24,3,40878,714,2,0.33,200000,1,0,0,0.255,1,1
1,35,2,26048,651,11,0.32,200000,0,0,0,0.135,0,0
1,46,2,24552,647,23,0.23,100000,3,0,0,0.416,0,0
0,22,3,40756,754,0,0.21,100000,0,0,1,0.184,0,1
1,24,3,40671,687,1,0.23,300000,2,0,1,0.19,1,1
0,47,3,37481,682,23,0.33,250000,2,0,0,0.356,0,1
1,39,2,27681,671,17,0.18,100000,0,0,0,0.054,1,1
1,30,2,24599,696,7,0.18,250000,2,0,1,0.355,1,1
0,59,4,52810,634,37,0.29,100000,1,0,0,0.207,0,1
0,44,4,53581,689,20,0.27,100000,2,0,1,0.158,0,1
1,42,4,52382,717,18,0.2,100000,3,0,1,0.11,1,1
0,22,2,26512,609,0,0.17,50000,1,0,0,0.098,0,0
0,42,3,38164,701,18,0.35,250000,1,0,0,0.173,0,1
1,48,3,37582,640,26,0.27,150000,0,0,1,0.222,1,1
0,63,1,20000,687,41,0.15,100000,0,0,0,0.25,0,1
0,27,3,38003,808,4,0.16,250000,0,0,0,0.221,0,1
0,65,3,38982,683,42,0.22,200000,4,0,1,0.159,0,1
1,57,1,20000,610,35,0.3,50000,1,0,0,0.307,0,0
0,49,1,20000,683,27,0.29,200000,0,0,1,0.414,0,1
1,38,3,39997,716,15,0.33,200000,0,0,0,0.32,1,1
1,61,1,20000,618,39,0.15,200000,0,0,1,0.171,0,0
1,24,1,20000,575,0,0.27,200000,0,1,1,0.24,0,0
1,33,2,27414,628,9,0.35,100000,1,0,1,0.245,0,0
0,60,1,20000,667,36,0.34,100000,0,0,1,0.328,0,1
0,33,4,51792,674,10,0.28,250000,0,0,1,0.173,0,1
0,23,2,24909,739,1,0.41,250000,2,0,1,0.123,0,1
1,43,2,25759,708,20,0.29,100000,3,0,0,0.291,1,1
1,44,4,52034,705,21,0.32,50000,1,0,1,0.233,1,1
1,51,2,26927,584,29,0.25,250000,3,0,0,0.111,0,0
0,26,2,24841,714,3,0.2,150000,0,0,0,0.256,0,1
1,30,3,39112,798,6,0.19,100000,2,0,0,0.347,1,1
0,42,2,25604,727,20,0.26,150000,0,1,1,0.144,0,1
0,32,2,27138,643,8,0.24,150000,3,0,0,0.129,0,0
1,26,3,39480,682,2,0.13,150000,3,0,1,0.202,1,1
0,56,3,40121,715,34,0.18,150000,2,0,0,0.254,0,1
1,48,3,38337,766,24,0.23,50000,3,0,1,0.194,1,1
0,23,4,53380,661,0,0.3,300000,2,0,0,0.291,0,1
0,45,3,40674,664,21,0.25,300000,0,0,1,0.221,0,1
1,52,3,37114,687,30,0.24,300000,2,0,1,0.281,1,1
1,54,3,40957,682,32,0.18,250000,1,0,1,0.142,1,1
0,60,1,20000,713,38,0.25,200000,0,1,1,0.102,0,0
0,51,2,27413,694,28,0.34,100000,1,0,1,0.173,0,1
1,58,3,38553,613,34,0.26,50000,2,0,0,0.092,1,1
0,49,2,27855,643,26,0.14,50000,0,0,1,0.233,0,1
0,52,1,20000,635,29,0.16,100000,2,0,0,0.039,0,0
0,32,2,24494,558,8,0.29,150000,2,0,0,0.164,0,0
1,44,2,27340,731,22,0.23,300000,0,0,1,0.177,1,1
0,23,2,26988,687,0,0.24,150000,1,1,0,0.116,0,0
0,61,3,40151,660,39,0.21,150000,4,0,0,0.175,0,1
1,62,4,53527,749,40,0.29,200000,3,0,0,0.2,1,1
1,48,3,40370,706,24,0.23,100000,1,0,0,0.302,1,1
0,56,3,40015,619,33,0.24,300000,1,0,0,0.117,0,1
1,23,2,24821,713,0,0.19,150000,0,0,0,0.229,0,0
0,60,2,26249,755,38,0.31,100000,0,0,0,0.244,0,1
1,58,2,27574,672,34,0.23,300000,0,0,1,0.198,1,1
1,42,3,40808,686,19,0.29,200000,4,1,0,0.16,1,1
0,26,1,20000,675,4,0.17,150000,4,1,1,0.109,0,0
1,42,2,27787,613,20,0.37,150000,3,0,1,0.352,0,0
1,50,3,39696,697,28,0.34,200000,1,0,0,0.206,1,1
1,41,2,27556,630,17,0.12,100000,0,0,0,0.175,0,0
0,59,4,51608,699,35,0.19,250000,2,1,0,0.37,0,1
1,41,3,37559,699,19,0.28,300000,2,0,1,0.218,1,1
1,46,2,25041,709,24,0.16,150000,1,0,1,0.403,1,1
0,23,2,26525,711,0,0.24,200000,2,1,1,0.087,0,0
1,53,3,39535,638,31,0.28,250000,2,0,1,0.181,1,1
0,47,2,27030,690,25,0.24,150000,2,1,1,0.09,0,0
1,27,1,20000,722,3,0.29,300000,1,1,1,0.19,0,0
0,62,2,25469,616,40,0.2,200000,2,0,1,0.19,0,1
1,24,4,50339,795,2,0.09,150000,0,1,1,0.163,1,1
0,54,2,25554,626,32,0.32,200000,2,0,1,0.204,0,1
1,22,4,50611,789,0,0.32,150000,0,0,0,0.167,1,1
1,26,3,39163,637,2,0.43,50000,0,0,1,0.191,0,0
1,34,1,20000,666,10,0.1,200000,0,0,1,0.14,0,0
1,40,3,37073,679,17,0.3,150000,0,0,0,0.315,1,1
1,33,2,27863,604,10,0.11,200000,4,1,0,0.111,0,0
1,46,2,27340,718,23,0.37,100000,1,0,1,0.217,1,1
0,56,3,40708,731,33,0.28,150000,4,1,0,0.105,0,1
1,33,3,39163,724,9,0.18,200000,0,0,1,0.133,1,1
1,51,1,20000,656,29,0.3,300000,0,0,0,0.142,0,0
0,26,4,53764,661,2,0.21,250000,2,0,1,0.189,0,1
0,55,3,38761,750,32,0.27,250000,1,0,0,0.214,0,1
1,43,4,51692,711,19,0.26,100000,2,0,0,0.111,1,1
1,60,2,27235,638,38,0.37,250000,1,1,1,0.167,0,0
1,34,4,53654,711,11,0.38,100000,3,0,0,0.121,1,1
0,24,2,26034,587,2,0.21,100000,1,0,1,0.117,0,0
0,41,1,20000,675,19,0.32,50000,2,0,0,0.291,0,0
1,52,3,37125,726,30,0.27,250000,1,0,1,0.089,1,1
0,26,3,37656,680,3,0.15,50000,2,1,0,0.206,0,0
0,45,2,25199,719,21,0.2,100000,2,0,0,0.336,0,1
0,61,2,25996,724,38,0.41,100000,1,0,1,0.296,0,1
0,54,1,20000,685,31,0.28,150000,0,0,0,0.234,0,0
1,29,3,40765,787,5,0.32,250000,2,1,1,0.199,1,1
1,45,2,27446,754,21,0.24,150000,4,0,1,0.259,1,1
1,41,2,24990,714,17,0.21,150000,0,0,0,0.23,1,1
1,37,2,27065,699,13,0.25,100000,2,0,0,0.314,1,1
1,33,4,50858,685,11,0.23,100000,1,1,0,0.189,1,1
0,34,3,38521,654,11,0.15,100000,1,0,0,0.28,0,1
1,63,3,39132,733,40,0.18,150000,4,0,0,0.174,1,1
1,60,4,51899,689,37,0.3,150000,2,0,1,0.351,1,1
1,46,2,25406,624,22,0.22,100000,3,0,1,0.187,0,0
0,53,1,20000,625,30,0.25,250000,1,0,0,0.07,0,0
1,45,1,20000,633,23,0.27,300000,0,0,0,0.206,0,0
1,65,3,38486,786,42,0.27,100000,2,0,1,0.261,1,1
1,30,2,26498,726,7,0.33,50000,4,0,0,0.33,1,1
1,61,2,26565,681,39,0.17,200000,3,0,1,0.12,1,1
0,44,2,26893,702,22,0.29,100000,0,1,0,0.06,0,0
0,34,2,24694,709,11,0.3,150000,1,0,1,0.24,0,1
1,53,2,26597,632,29,0.32,150000,1,0,1,0.237,1,1
0,36,4,50928,635,12,0.15,250000,2,0,0,0.087,0,1
0,57,3,37115,747,34,0.27,200000,0,0,1,0.174,1,1
0,26,4,53685,625,3,0.37,50000,0,0,1,0.177,0,1
1,43,4,51031,699,20,0.24,50000,2,0,1,0.266,1,1
1,37,2,25241,640,14,0.28,100000,2,0,0,0.167,0,0
1,62,2,25742,692,38,0.3,100000,3,1,0,0.165,1,1
0,31,3,38613,676,8,0.18,150000,4,0,1,0.209,0,1
1,45,3,38903,719,23,0.38,250000,1,0,0,0.09,1,1
1,39,2,26451,552,15,0.28,100000,3,0,0,0.352,0,0
1,39,4,53638,761,15,0.29,150000,2,0,1,0.275,1,1
0,28,1,20000,710,6,0.13,100000,4,1,0,0.144,0,0
1,25,2,25490,735,2,0.31,50000,0,0,0,0.111,1,1
0,47,3,38975,739,24,0.29,300000,0,0,0,0.117,0,1
0,26,2,26787,697,3,0.36,100000,2,1,0,0.247,0,0
1,37,1,20000,634,14,0.23,100000,4,0,0,0.119,0,0
0,56,2,25033,704,33,0.18,100000,3,0,1,0.18,0,1
1,47,1,20000,685,25,0.2,150000,2,0,1,0.065,1,1
0,39,3,39481,738,16,0.21,300000,1,0,1,0.243,0,1
1,50,4,50801,734,28,0.17,50000,2,0,0,0.246,1,1
0,44,4,50163,705,22,0.34,150000,3,0,1,0.185,0,1
0,35,3,40310,713,13,0.34,50000,2,0,0,0.215,0,1
0,36,2,27388,708,13,0.24,200000,2,0,0,0.264,0,1
0,54,2,24995,739,31,0.22,200000,0,0,0,0.213,0,1
1,46,1,20000,765,22,0.12,200000,2,0,0,0.262,1,1
0,42,2,25358,712,18,0.3,150000,1,0,1,0.107,0,1
0,38,1,20000,698,16,0.37,250000,4,0,1,0.23,0,0
0,44,3,38094,677,20,0.21,150000,2,0,1,0.215,0,1
1,64,4,51198,681,42,0.24,150000,2,0,1,0.296,1,1
0,38,2,25877,640,14,0.28,200000,4,0,0,0.202,0,0
0,35,3,38823,514,12,0.37,150000,0,1,1,0.192,0,0
0,50,1,20000,623,27,0.26,100000,0,0,1,0.155,0,0
1,41,3,39386,680,19,0.26,100000,2,0,0,0.319,1,1
0,51,3,39295,673,29,0.26,50000,1,0,0,0.02,0,1
1,40,2,27264,705,17,0.15,150000,1,1,0,0.241,0,0
0,60,2,27490,635,37,0.15,150000,3,1,1,0.198,0,0
1,34,3,38348,648,11,0.19,50000,2,0,1,0.185,1,1
0,39,3,39353,573,15,0.32,200000,0,0,0,0.174,0,0
0,44,4,51803,725,20,0.23,250000,1,1,1,0.196,0,1
1,54,3,39251,641,30,0.21,100000,0,0,1,0.238,1,1
0,60,4,52900,660,36,0.21,100000,2,0,1,0.136,0,1
1,61,1,20000,701,39,0.24,250000,0,0,1,0.211,1,1
0,39,1,20000,621,17,0.37,200000,3,0,1,0.228,0,0
0,30,2,27922,700,6,0.24,50000,2,0,0,0.124,0,0
0,54,1,20000,603,32,0.19,150000,0,0,1,0.24,0,0
0,53,2,26760,678,29,0.25,200000,1,0,1,0.229,0,1
0,38,3,40562,656,14,0.37,150000,2,0,0,0.136,0,1
1,40,2,24432,665,17,0.21,150000,1,0,1,0.105,1,1
1,48,2,25647,763,24,0.17,150000,1,0,0,0.135,1,1
0,27,4,51151,609,5,0.21,200000,3,0,1,0.211,0,1
0,56,1,20000,748,32,0.26,100000,1,1,0,0.194,0,0
0,58,2,27817,629,35,0.3,200000,1,0,1,0.312,0,1
0,55,3,37821,737,33,0.32,300000,3,0,0,0.171,0,1
1,41,3,38070,748,18,0.18,150000,1,0,0,0.129,1,1
0,46,2,24504,703,22,0.18,200000,0,0,0,0.253,0,1
1,25,1,20000,602,1,0.23,100000,0,0,0,0.122,0,0
1,31,3,38439,704,7,0.3,100000,4,0,1,0.137,1,1
1,31,1,20000,810,7,0.16,300000,4,1,0,0.138,0,0
1,45,1,20000,670,23,0.21,50000,0,0,0,0.02,0,0
1,42,3,37222,684,18,0.21,100000,2,0,1,0.245,1,1
1,32,2,24635,669,9,0.32,150000,0,0,0,0.275,0,0
0,48,2,25972,708,26,0.29,150000,2,1,0,0.273,0,0
1,37,2,27574,675,15,0.31,200000,0,0,0,0.351,0,0
1,47,4,50671,715,25,0.34,100000,0,0,1,0.321,1,1
1,51,4,50957,683,28,0.23,50000,3,0,1,0.173,1,1
1,37,2,24932,623,14,0.17,150000,1,0,1,0.289,0,0
1,28,2,24095,807,5,0.17,150000,0,0,1,0.192,1,1
1,37,2,26154,674,14,0.12,150000,3,0,1,0.166,1,1
0,56,2,24631,850,32,0.22,150000,2,0,1,0.14,1,1
0,37,2,27684,703,13,0.22,150000,2,0,0,0.179,0,1
0,61,3,40686,722,38,0.31,100000,3,0,0,0.226,0,1
1,33,2,25701,662,10,0.25,200000,1,0,0,0.326,0,0
1,56,2,25949,647,32,0.22,50000,0,0,0,0.258,1,1
0,42,2,24697,664,18,0.24,100000,0,0,1,0.138,0,1
1,64,2,24031,634,41,0.18,200000,1,0,0,0.116,1,1
1,57,2,27564,629,35,0.32,100000,0,0,1,0.245,1,1
1,38,2,26113,778,16,0.19,150000,1,0,0,0.272,1,1
1,53,3,38202,733,30,0.17,100000,0,0,0,0.298,1,1
1,62,3,37778,772,40,0.31,150000,1,0,0,0.178,1,1
1,27,2,25466,741,3,0.29,150000,0,0,0,0.238,1,1
0,45,2,24915,646,23,0.13,300000,1,1,1,0.268,0,0
1,48,2,24548,595,25,0.31,150000,2,0,1,0.092,0,0
0,41,1,20000,644,19,0.2,200000,1,0,1,0.222,0,0
0,46,3,38893,695,24,0.22,250000,1,0,0,0.272,0,1
0,23,2,26096,742,1,0.26,200000,4,0,0,0.241,0,1
0,30,3,39834,686,6,0.29,150000,2,1,0,0.194,0,0
0,49,3,39998,850,25,0.28,150000,1,0,1,0.409,1,1
1,59,4,51703,676,35,0.25,150000,2,0,0,0.354,1,1
1,24,4,52310,732,1,0.22,200000,2,0,1,0.201,1,1
1,41,1,20000,637,19,0.28,50000,0,0,1,0.185,0,0
0,27,4,52030,722,3,0.24,250000,0,1,0,0.256,0,1
0,60,3,38833,683,36,0.38,150000,2,1,1,0.195,0,1
1,54,3,37343,676,32,0.29,250000,1,1,1,0.302,1,1
0,22,1,20000,635,0,0.19,50000,0,0,0,0.099,0,0
1,58,3,40462,698,36,0.22,250000,0,0,1,0.181,1,1
0,27,1,20000,715,4,0.25,100000,0,0,1,0.255,0,0
1,55,3,39248,636,33,0.34,200000,3,0,0,0.28,1,1
1,36,1,20000,667,12,0.35,150000,0,0,0,0.082,0,0
1,47,3,37925,717,23,0.22,200000,0,0,0,0.124,1,1
1,35,2,27880,717,11,0.18,200000,2,0,1,0.066,1,1
1,28,2,26050,782,5,0.18,100000,1,0,0,0.13,1,1
1,52,1,20000,701,30,0.27,150000,2,0,0,0.098,1,1
0,45,2,26855,657,22,0.41,100000,1,1,0,0.243,0,0
1,52,1,20000,638,28,0.29,150000,1,0,0,0.218,0,0
1,50,2,26003,648,27,0.14,200000,2,0,0,0.188,1,1
0,63,3,40615,655,40,0.2,50000,0,0,1,0.202,0,1
0,53,3,39607,701,30,0.21,150000,1,0,0,0.296,0,1
1,38,3,40398,713,16,0.19,150000,4,0,1,0.117,1,1
1,35,1,20000,715,12,0.22,100000,0,0,1,0.046,0,0
1,61,2,26246,716,38,0.28,300000,0,0,1,0.257,1,1
1,57,2,25939,748,34,0.3,150000,0,0,1,0.169,1,1
0,45,4,53672,663,21,0.33,100000,0,0,1,0.119,0,1
1,48,3,39156,780,24,0.29,50000,0,0,1,0.244,1,1
1,46,2,27362,645,24,0.11,150000,0,1,0,0.043,0,0
0,53,1,20000,689,29,0.18,150000,0,0,0,0.131,0,0
1,39,4,53479,689,17,0.24,100000,1,0,0,0.02,1,1
0,39,4,52599,698,15,0.26,50000,0,1,0,0.221,0,1
1,58,3,40020,726,36,0.31,150000,2,0,1,0.326,1,1
0,47,3,37051,610,25,0.25,150000,2,0,0,0.154,0,1
1,30,2,26159,634,8,0.25,100000,1,1,0,0.137,0,0
0,56,1,20000,711,32,0.27,150000,4,0,1,0.343,0,1
0,29,2,27651,679,6,0.23,300000,2,1,1,0.25,0,0
1,41,2,27260,665,17,0.26,300000,2,0,1,0.39,1,1
0,63,2,27915,618,40,0.33,250000,0,0,0,0.213,0,1
0,43,2,27792,666,19,0.24,200000,3,0,1,0.218,0,1
0,40,2,26112,717,17,0.25,100000,4,0,0,0.316,0,1
0,51,2,26621,649,27,0.25,100000,0,0,1,0.188,0,1
0,49,2,24464,755,27,0.34,150000,2,1,1,0.22,0,1
1,56,1,20000,729,34,0.17,150000,2,0,0,0.02,1,1
1,64,2,25669,660,42,0.37,250000,1,0,1,0.339,1,1
0,32,3,40051,657,9,0.17,100000,1,0,0,0.231,0,1
1,52,3,37633,537,29,0.2,150000,0,0,1,0.191,0,0
0,60,2,25354,620,38,0.3,200000,0,0,1,0.273,0,1
0,57,2,25524,617,34,0.32,150000,0,0,1,0.105,0,1
1,51,1,20000,591,29,0.15,150000,2,0,1,0.156,0,0
1,44,3,37209,688,20,0.17,100000,2,0,1,0.244,1,1
0,40,2,27879,697,17,0.27,300000,3,0,1,0.204,0,1
1,33,2,26136,779,10,0.41,150000,1,0,0,0.236,1,1
0,36,3,40750,693,12,0.34,150000,0,0,1,0.22,0,1
1,52,2,26075,568,29,0.23,100000,0,0,1,0.25,0,0
0,64,1,20000,628,41,0.08,150000,3,0,1,0.094,0,1
1,58,2,24335,713,35,0.26,100000,1,0,1,0.302,1,1
0,58,2,26110,675,34,0.28,100000,2,0,0,0.161,0,1
1,36,2,27838,727,14,0.22,100000,0,0,1,0.205,1,1
0,50,3,40979,661,28,0.19,50000,1,0,1,0.152,0,1
1,64,2,25576,743,40,0.26,150000,1,0,1,0.177,1,1
0,47,3,37499,703,23,0.18,150000,0,0,1,0.218,0,1
0,65,2,25564,694,41,0.38,250000,2,0,0,0.259,0,1
1,23,2,24790,688,1,0.36,50000,1,1,0,0.272,0,0
1,41,2,27540,637,17,0.3,50000,1,0,1,0.235,0,0
1,36,2,26639,676,14,0.26,250000,3,0,1,0.152,1,1
0,25,2,27122,696,1,0.2,100000,1,0,0,0.23,0,0
0,43,2,25135,602,20,0.25,50000,0,0,0,0.219,0,0
1,59,4,53944,704,37,0.36,100000,4,1,1,0.205,1,1
1,44,2,26348,746,22,0.31,250000,0,0,1,0.243,1,1
1,47,1,20000,693,23,0.26,200000,3,0,1,0.098,1,1
0,32,1,20000,745,9,0.31,150000,3,0,1,0.038,0,1
1,49,1,20000,692,27,0.29,200000,0,0,0,0.295,0,0
0,23,2,25778,630,0,0.28,150000,1,1,1,0.189,0,0
1,29,1,20000,713,6,0.32,250000,0,0,1,0.233,0,0
0,50,1,20000,607,28,0.29,50000,1,0,1,0.131,0,0
1,32,2,27528,668,8,0.31,200000,2,0,1,0.301,0,0
1,58,3,38624,674,35,0.26,100000,0,0,0,0.228,1,1
0,39,1,20000,632,17,0.23,150000,0,0,1,0.186,0,0
0,35,2,26574,810,13,0.21,100000,1,0,1,0.223,0,1
0,31,3,37332,686,8,0.2,200000,1,0,0,0.061,0,1
1,56,4,53433,799,32,0.14,200000,2,0,0,0.23,1,1
1,30,3,37173,708,6,0.19,150000,2,0,0,0.319,1,1
0,56,2,27673,634,33,0.18,200000,2,0,1,0.225,0,1
0,32,3,40284,667,10,0.21,200000,3,0,1,0.215,0,1
1,65,2,25366,677,42,0.36,200000,0,0,1,0.175,1,1
1,33,2,26108,661,10,0.24,100000,2,0,0,0.287,0,0
1,24,3,40947,674,1,0.27,150000,1,0,0,0.298,1,1
0,60,2,27803,711,38,0.27,100000,4,1,0,0.165,0,1
1,35,4,51084,720,12,0.36,150000,1,0,1,0.229,1,1
1,49,3,37818,727,26,0.21,200000,4,1,1,0.219,1,1
1,32,3,38701,773,10,0.23,200000,2,0,1,0.232,1,1
1,60,3,39571,664,38,0.24,200000,2,0,0,0.138,1,1
1,46,2,26263,741,23,0.33,100000,1,0,1,0.291,1,1
1,42,2,25612,756,18,0.34,200000,1,0,1,0.245,1,1
1,31,3,40815,761,8,0.28,150000,1,0,0,0.296,1,1
0,64,3,37623,593,42,0.34,300000,0,0,1,0.111,0,1
1,36,4,50577,798,14,0.26,150000,3,0,0,0.115,1,1
1,40,4,52741,664,18,0.24,150000,2,0,1,0.365,1,1
0,43,4,50422,598,19,0.33,200000,3,0,1,0.292,0,1
0,42,3,39763,787,20,0.28,250000,1,0,0,0.135,0,1
1,65,2,27494,708,41,0.2,150000,0,0,0,0.269,1,1
1,53,1,20000,700,31,0.32,150000,2,0,0,0.163,0,0
1,44,3,38229,671,22,0.24,150000,1,0,0,0.064,1,1
0,34,2,27357,690,11,0.23,100000,3,0,0,0.032,0,0
0,26,2,27176,672,2,0.31,200000,2,0,1,0.198,0,0
0,25,2,24753,645,2,0.24,300000,0,0,1,0.325,0,0
0,49,3,37746,691,25,0.28,100000,2,0,1,0.322,0,1
0,35,3,37687,696,13,0.3,150000,2,0,1,0.301,0,1
1,29,3,37722,617,7,0.2,250000,2,0,1,0.266,1,1
1,30,2,25566,683,6,0.28,50000,1,0,0,0.225,0,0
0,56,3,37746,591,33,0.34,150000,0,0,1,0.292,0,1
0,58,3,37241,795,34,0.18,250000,0,1,0,0.039,0,1
1,42,2,27562,674,18,0.28,250000,2,1,0,0.279,0,0
0,39,2,26712,621,15,0.19,150000,0,0,1,0.11,0,0
1,54,2,24707,708,32,0.32,50000,2,0,1,0.127,1,1
1,29,2,27569,638,5,0.32,50000,1,0,0,0.256,0,0
1,38,3,37434,688,16,0.23,150000,4,0,0,0.274,1,1
1,64,2,24780,705,41,0.4,100000,4,1,0,0.151,1,1
0,52,4,50483,644,30,0.33,100000,2,0,1,0.252,0,1
1,55,1,20000,777,32,0.3,200000,1,0,1,0.245,1,1
0,27,2,26431,792,4,0.3,200000,1,1,1,0.175,0,1
0,43,2,25533,651,20,0.32,250000,0,0,1,0.212,0,1
0,35,1,20000,608,13,0.18,50000,0,0,1,0.366,0,0
1,24,2,25020,650,0,0.26,100000,2,0,0,0.177,0,0
1,33,2,26997,653,11,0.28,250000,3,0,1,0.18,0,0
1,57,2,24868,741,34,0.22,200000,0,0,0,0.212,1,1
0,33,2,26370,651,9,0.28,200000,1,1,0,0.185,0,0
0,23,3,37847,626,1,0.34,300000,2,1,1,0.263,0,0
1,23,2,25497,685,0,0.22,250000,3,0,1,0.318,0,0
0,36,1,20000,588,13,0.25,150000,0,0,1,0.18,0,0
1,44,3,37695,748,20,0.19,100000,0,0,1,0.131,1,1
0,50,1,20000,702,28,0.12,150000,3,0,1,0.358,0,1
1,38,3,40346,657,14,0.3,200000,0,0,0,0.21,1,1
0,53,4,53982,673,29,0.25,100000,2,0,1,0.064,0,1
1,28,2,24031,693,4,0.25,200000,2,1,1,0.349,0,0
0,51,4,50176,639,27,0.18,50000,1,1,1,0.29,0,1
0,49,3,39964,646,27,0.24,200000,1,0,1,0.328,0,1
0,35,4,52112,687,11,0.33,50000,3,0,1,0.315,0,1
1,65,3,40781,617,42,0.25,150000,0,0,1,0.412,1,1
1,51,2,26074,655,28,0.25,250000,0,0,0,0.117,1,1
1,38,4,53734,640,15,0.26,50000,1,0,0,0.136,1,1
1,53,1,20000,748,29,0.16,150000,1,0,0,0.161,1,1
1,27,2,25502,657,4,0.29,100000,2,0,0,0.158,0,0
0,45,2,26315,627,23,0.16,250000,4,0,1,0.21,0,1
0,27,2,26644,717,3,0.18,250000,3,1,1,0.161,0,0
1,48,2,27059,645,24,0.18,300000,0,1,0,0.105,0,0
1,39,3,37065,629,15,0.24,250000,1,0,1,0.13,1,1
1,45,4,50132,748,23,0.23,200000,0,0,0,0.176,1,1
0,58,1,20000,652,34,0.25,100000,4,0,1,0.292,0,0
1,45,4,50915,746,21,0.19,100000,1,0,1,0.154,1,1
0,59,4,53437,699,36,0.32,150000,1,0,0,0.265,1,1
1,55,1,20000,677,32,0.31,150000,3,0,1,0.094,1,1
0,61,2,25916,710,37,0.24,200000,1,0,1,0.02,0,1
0,36,3,38854,655,14,0.22,100000,0,0,0,0.189,0,1
1,32,3,40029,645,9,0.21,100000,1,0,1,0.151,1,1
0,43,3,38351,756,19,0.23,150000,2,0,0,0.129,0,1
1,45,3,40169,721,22,0.15,100000,2,0,0,0.12,1,1
0,22,2,24584,676,0,0.18,200000,2,0,1,0.143,0,0
1,39,1,20000,713,17,0.31,150000,0,0,1,0.121,0,0
0,65,2,26589,709,41,0.27,200000,1,0,0,0.128,0,1
0,33,1,20000,721,10,0.36,50000,2,0,1,0.091,0,0
0,64,3,39257,627,40,0.23,300000,3,1,1,0.03,0,1
0,49,3,40855,686,27,0.22,50000,0,0,1,0.023,0,1
1,61,2,25748,742,39,0.22,100000,0,0,0,0.397,1,1
1,28,4,52180,792,5,0.23,200000,2,0,1,0.195,1,1
1,44,2,27574,650,22,0.2,50000,1,0,1,0.322,1,1
1,42,3,39204,698,19,0.27,50000,0,0,1,0.186,1,1
0,55,3,40630,691,31,0.25,50000,1,0,1,0.188,0,1
1,32,4,51892,631,9,0.21,150000,4,0,0,0.225,1,1
0,43,3,39922,674,20,0.34,250000,2,0,0,0.251,0,1
0,63,1,20000,583,41,0.38,150000,1,1,1,0.1,0,0
0,56,4,53093,690,32,0.33,150000,3,0,1,0.17,1,1
1,50,3,37973,632,26,0.29,150000,0,0,1,0.224,1,1
0,63,1,20000,679,40,0.3,50000,1,0,1,0.045,0,1
0,49,3,38442,672,25,0.38,50000,1,0,1,0.304,0,1
1,39,4,52519,682,15,0.3,250000,1,0,1,0.285,1,1
0,35,2,24233,765,12,0.21,50000,4,0,1,0.032,0,1
0,39,2,26619,683,16,0.28,300000,0,0,0,0.13,0,1
1,49,3,38477,793,25,0.29,100000,0,0,0,0.208,1,1
1,45,3,40771,714,22,0.18,200000,3,0,0,0.267,1,1
1,29,2,25593,724,7,0.23,300000,0,1,0,0.322,0,0
1,63,1,20000,622,39,0.33,150000,1,1,0,0.149,0,0
1,29,2,27233,641,6,0.12,200000,1,0,1,0.387,0,0
1,25,3,39348,690,1,0.16,150000,4,0,0,0.196,1,1
1,48,3,37305,756,24,0.24,100000,1,1,0,0.182,1,1
1,57,2,24001,660,35,0.27,100000,1,1,1,0.245,0,0
0,26,2,24270,601,4,0.15,250000,2,1,1,0.225,0,0
1,54,1,20000,691,30,0.24,100000,4,0,1,0.22,1,1
0,55,3,40214,693,33,0.33,100000,3,0,0,0.36,0,1
1,51,1,20000,639,28,0.25,300000,0,0,1,0.22,0,0
1,29,1,20000,649,5,0.32,100000,3,0,1,0.121,0,0
1,60,1,20000,622,38,0.21,150000,3,0,1,0.133,0,0
1,47,3,40007,740,23,0.19,300000,2,1,0,0.318,1,1
1,58,2,27041,681,34,0.31,150000,2,0,1,0.255,1,1
0,55,2,27807,693,32,0.28,150000,1,1,1,0.075,0,1
1,28,4,51009,667,5,0.17,250000,2,0,0,0.072,1,1
0,61,1,20000,743,38,0.19,100000,2,0,0,0.202,0,1
0,49,2,26739,692,27,0.36,100000,0,0,0,0.249,0,1
1,60,4,53606,582,38,0.19,150000,0,0,1,0.146,1,1
1,60,2,26914,705,38,0.32,200000,0,0,0,0.066,1,1
0,49,2,25060,665,26,0.22,50000,3,0,1,0.11,0,1
1,35,1,20000,660,11,0.25,150000,2,1,0,0.332,0,0
1,59,3,40368,744,36,0.27,150000,1,0,0,0.24,1,1
0,25,2,27812,684,3,0.1,100000,3,0,1,0.28,0,1
1,63,3,38848,784,41,0.15,200000,2,0,1,0.293,1,1
0,39,2,27168,685,17,0.26,100000,3,0,1,0.15,0,1
0,65,2,26328,654,42,0.2,150000,0,0,0,0.17,0,1
1,46,3,38133,590,24,0.32,150000,1,0,0,0.187,0,0
1,28,4,50548,660,5,0.14,100000,2,0,0,0.233,1,1
1,59,1,20000,652,35,0.29,100000,0,0,1,0.287,0,0
1,49,3,38620,770,26,0.15,100000,1,0,1,0.35,1,1
1,26,2,25837,654,4,0.23,50000,1,0,1,0.265,0,0
0,24,2,26235,770,0,0.18,150000,2,0,1,0.266,0,1
1,65,2,26799,616,43,0.38,200000,1,0,1,0.354,1,1
1,52,3,39917,647,28,0.16,100000,1,0,0,0.184,1,1
0,63,2,25511,741,41,0.24,150000,1,0,0,0.295,0,1
0,41,2,25377,647,18,0.13,300000,0,0,0,0.246,0,0
0,40,1,20000,730,18,0.36,50000,4,1,1,0.249,0,0
1,32,1,20000,624,9,0.28,150000,1,0,0,0.183,0,0
0,61,4,51416,660,38,0.26,200000,2,0,1,0.088,0,1
1,24,4,53908,735,0,0.35,50000,0,0,0,0.228,1,1
1,44,3,38284,645,21,0.26,200000,1,0,0,0.228,1,1
1,28,2,27032,664,5,0.27,300000,3,0,0,0.154,0,0
0,44,2,24409,701,21,0.26,50000,4,0,1,0.192,0,1
1,28,3,38426,676,4,0.29,250000,1,0,0,0.129,1,1
1,55,4,51693,669,33,0.22,150000,0,0,1,0.13,1,1
1,63,2,26531,613,41,0.23,100000,1,0,1,0.162,1,1
1,40,3,40375,769,17,0.31,150000,1,1,1,0.094,1,1
0,30,4,50623,789,7,0.27,50000,2,0,1,0.153,1,1
0,39,3,37655,708,17,0.24,150000,1,0,1,0.257,0,1
0,62,2,24767,667,39,0.15,50000,2,0,1,0.316,0,1
1,63,1,20000,660,41,0.35,200000,2,0,0,0.366,0,0
1,46,2,26231,725,22,0.2,150000,0,0,1,0.168,1,1
1,35,2,26452,736,12,0.32,150000,2,0,0,0.296,1,1
1,65,2,26846,650,42,0.26,100000,3,0,0,0.227,1,1
1,46,2,27968,739,24,0.16,150000,2,0,1,0.181,1,1
0,40,3,40202,723,18,0.34,100000,4,0,0,0.232,0,1
1,60,2,26526,738,36,0.27,200000,2,0,0,0.288,1,1
1,36,2,25816,591,13,0.34,100000,2,0,0,0.16,0,0
1,37,3,38780,666,15,0.24,150000,3,0,1,0.158,1,1
1,48,3,37007,680,24,0.3,100000,2,0,0,0.167,1,1
1,61,3,37704,664,39,0.13,200000,1,0,0,0.15,1,1
0,31,1,20000,775,9,0.21,150000,1,0,1,0.296,0,1
0,25,3,40462,667,1,0.16,150000,3,0,0,0.139,0,1
0,40,2,27590,705,16,0.22,200000,0,0,1,0.153,0,1
1,49,1,20000,678,25,0.28,150000,1,0,1,0.225,0,0
1,42,3,37530,674,18,0.21,250000,1,0,0,0.218,1,1
1,35,2,26960,641,11,0.31,200000,2,0,1,0.167,0,0
1,54,2,27722,793,30,0.19,150000,2,0,1,0.335,1,1
0,31,2,27438,667,8,0.31,250000,1,1,1,0.15,0,0
1,40,2,27560,728,16,0.34,250000,0,0,0,0.186,1,1
1,51,2,26736,679,28,0.32,150000,3,1,1,0.046,0,0
1,43,3,40082,664,21,0.23,50000,2,0,0,0.176,1,1
1,24,1,20000,675,2,0.1,150000,3,0,0,0.094,0,0
0,58,4,52600,716,34,0.29,150000,0,1,1,0.127,0,1
1,62,2,26493,654,40,0.24,150000,2,0,0,0.044,1,1
1,39,1,20000,627,15,0.18,200000,2,0,1,0.129,0,0
1,32,1,20000,696,8,0.21,200000,1,0,0,0.194,0,0
1,23,2,26753,686,0,0.35,200000,3,0,1,0.18,0,0
0,33,3,39243,654,11,0.17,200000,0,0,0,0.167,0,1
0,27,1,20000,618,3,0.28,50000,2,0,0,0.174,0,0
0,64,2,25760,699,42,0.27,100000,2,1,0,0.16,0,1
0,61,3,40914,584,38,0.22,200000,1,0,0,0.197,0,1
1,65,1,20000,655,43,0.3,150000,2,0,0,0.191,0,0
0,50,3,38796,697,27,0.36,200000,0,0,0,0.222,0,1
1,51,3,40583,785,28,0.23,100000,2,0,1,0.184,1,1
1,23,2,26675,680,0,0.23,100000,1,0,1,0.165,0,0
0,30,2,27028,663,6,0.29,150000,1,0,1,0.262,0,0
1,23,1,20000,685,0,0.31,150000,1,0,1,0.248,0,0
0,50,3,39677,650,28,0.24,100000,1,0,1,0.197,0,1
1,54,1,20000,657,30,0.23,150000,2,0,1,0.296,0,0
0,31,2,27323,681,7,0.09,50000,3,0,1,0.207,0,1
0,55,2,25802,714,33,0.2,50000,1,1,0,0.187,0,1
0,65,2,24043,642,42,0.17,50000,1,0,1,0.195,0,1
0,29,2,27541,679,6,0.3,150000,1,0,0,0.213,0,0
0,58,3,37488,591,36,0.23,250000,2,0,1,0.127,0,1
1,54,2,24180,708,30,0.23,100000,1,1,0,0.05,0,0
1,27,4,53148,687,5,0.25,50000,1,0,1,0.223,1,1
1,65,3,39421,793,43,0.19,200000,2,0,0,0.267,1,1
0,61,2,24627,699,37,0.36,250000,0,0,0,0.12,0,1
1,40,2,24956,632,18,0.34,100000,0,0,1,0.286,0,0
0,53,2,26114,619,29,0.36,150000,0,0,0,0.068,0,0
1,48,3,38548,726,24,0.3,100000,1,0,0,0.155,1,1
1,22,2,25115,778,0,0.25,50000,0,0,0,0.336,1,1
0,64,4,51781,781,41,0.36,200000,2,1,1,0.228,1,1
1,54,3,39826,623,30,0.2,300000,0,0,1,0.176,1,1
1,61,2,24650,691,38,0.19,200000,1,0,0,0.22,1,1
1,53,3,38876,751,29,0.21,300000,0,0,1,0.296,1,1
0,26,2,25267,606,3,0.29,150000,2,0,1,0.084,0,0
0,38,3,37340,747,16,0.2,250000,3,0,1,0.305,0,1
1,29,2,26950,641,5,0.24,100000,2,0,0,0.161,0,0
1,63,1,20000,658,41,0.14,50000,1,1,0,0.257,0,0
1,55,1,20000,685,33,0.28,200000,2,0,0,0.151,0,0
0,30,3,39445,748,8,0.14,150000,0,0,1,0.335,0,1
0,44,2,26750,764,20,0.18,100000,0,0,1,0.198,0,1
1,56,4,53519,682,34,0.34,200000,0,0,1,0.094,1,1
1,28,1,20000,643,6,0.33,100000,0,0,0,0.238,0,0
1,36,2,25354,649,12,0.28,150000,0,0,0,0.304,0,0
0,41,1,20000,712,19,0.27,100000,1,0,0,0.295,0,0
0,46,2,24448,734,22,0.21,200000,0,1,0,0.207,0,1
1,24,2,25441,729,2,0.2,100000,4,0,0,0.265,1,1
1,45,1,20000,684,22,0.22,150000,3,0,0,0.166,0,0
1,55,3,37076,710,33,0.14,50000,4,0,1,0.247,1,1
0,43,2,24895,667,20,0.27,200000,0,0,0,0.229,0,0
1,32,2,24548,672,8,0.25,200000,3,0,1,0.02,0,0
0,29,2,24797,726,6,0.18,100000,3,0,1,0.12,0,1
0,60,3,40496,704,36,0.36,100000,3,0,1,0.217,0,1
1,64,2,25452,653,42,0.29,100000,1,0,1,0.213,1,1
1,56,2,25508,740,33,0.3,150000,2,1,0,0.198,1,1
1,59,2,24814,646,37,0.22,150000,0,0,0,0.207,1,1
0,29,3,40069,698,6,0.25,100000,0,0,1,0.297,0,1
0,58,3,39182,621,34,0.29,200000,0,0,0,0.228,0,1
0,48,2,26701,627,24,0.26,250000,3,0,1,0.02,0,0
1,49,2,27325,681,25,0.36,50000,0,0,0,0.356,1,1
1,61,4,51583,661,37,0.24,150000,0,0,0,0.047,1,1
0,55,4,53326,687,33,0.21,150000,4,1,1,0.277,0,1
0,53,3,37645,756,31,0.29,150000,0,0,0,0.075,0,1
1,36,4,51825,693,14,0.16,50000,3,0,0,0.314,1,1
0,65,3,37719,739,43,0.31,100000,2,0,1,0.178,1,1
0,38,3,38522,647,16,0.16,50000,0,0,0,0.231,0,1
0,54,2,26660,710,30,0.29,150000,0,0,1,0.041,0,1
0,37,2,26531,624,15,0.2,200000,1,1,0,0.258,0,0
0,50,1,20000,656,28,0.28,100000,4,0,0,0.233,0,0
0,30,3,38466,722,8,0.31,100000,3,1,0,0.249,0,1
1,54,4,53653,700,30,0.26,100000,1,0,0,0.276,1,1
1,50,3,37647,741,26,0.17,200000,1,0,0,0.214,1,1
0,34,2,24791,716,10,0.19,100000,1,0,1,0.183,0,1
1,42,1,20000,653,18,0.2,150000,2,0,1,0.135,0,0
1,42,2,27075,751,20,0.12,200000,1,0,1,0.165,1,1
1,26,2,27807,703,4,0.33,250000,0,1,0,0.297,0,0
1,31,3,39048,676,8,0.26,200000,2,1,0,0.133,0,0
0,27,4,53361,708,5,0.17,100000,1,0,1,0.053,0,1
0,34,1,20000,675,10,0.35,250000,0,0,1,0.121,0,0
1,22,1,20000,681,0,0.2,200000,2,0,0,0.248,0,0
1,41,3,40646,682,19,0.27,200000,2,1,0,0.176,1,1
1,29,2,24459,700,6,0.19,50000,1,0,0,0.248,0,0
0,31,4,52313,743,7,0.11,50000,2,0,0,0.04,0,1
0,30,2,25161,703,7,0.15,200000,1,0,1,0.02,0,1
1,62,2,27505,701,38,0.22,300000,2,0,0,0.221,1,1
0,24,2,24043,674,0,0.31,200000,3,0,0,0.28,0,0
0,32,1,20000,621,10,0.27,250000,2,0,1,0.063,0,0
0,33,2,25533,617,9,0.26,150000,2,0,0,0.242,0,0
0,31,1,20000,631,8,0.11,100000,2,0,1,0.295,0,0
1,46,2,24982,657,23,0.34,200000,1,0,1,0.2,1,1
0,46,2,26309,771,24,0.27,200000,0,0,0,0.272,0,1
1,32,1,20000,738,8,0.24,200000,1,0,1,0.215,1,1
0,57,1,20000,637,34,0.33,300000,2,0,0,0.179,0,0
0,60,2,26199,704,38,0.34,150000,1,0,0,0.266,0,1
0,47,3,39260,686,24,0.33,50000,1,0,1,0.353,0,1
0,35,4,53063,712,13,0.23,250000,2,0,1,0.155,0,1
1,60,1,20000,639,37,0.18,100000,0,0,1,0.193,0,0
1,61,1,20000,793,37,0.32,200000,2,0,1,0.121,1,1
0,22,1,20000,772,0,0.15,250000,1,0,0,0.212,0,1
0,25,2,25977,663,2,0.39,100000,1,0,1,0.187,0,0
1,51,3,37360,657,29,0.25,250000,1,0,1,0.293,1,1
1,33,3,39367,740,11,0.18,100000,0,0,0,0.314,1,1
1,56,3,39269,623,34,0.16,200000,1,0,1,0.263,1,1
0,34,2,27809,726,11,0.16,50000,1,0,0,0.284,0,1
0,52,2,24209,686,30,0.26,200000,1,0,1,0.144,0,1
1,59,4,53467,621,35,0.25,200000,2,1,1,0.124,1,1
1,64,2,24930,671,42,0.16,150000,1,0,1,0.235,1,1
0,44,2,25606,643,22,0.23,200000,2,0,0,0.202,0,0
0,25,4,50488,708,1,0.15,250000,2,0,0,0.36,0,1
1,37,3,40943,693,15,0.29,200000,0,0,0,0.046,1,1
0,28,3,37600,615,6,0.25,300000,0,0,1,0.25,0,1
1,43,2,24773,661,20,0.22,150000,0,0,0,0.248,0,0
1,50,2,24877,711,27,0.16,150000,4,0,1,0.139,1,1
0,32,1,20000,711,10,0.23,100000,3,0,0,0.123,0,0
0,54,3,37699,670,30,0.22,300000,0,0,0,0.173,0,1
0,50,1,20000,695,28,0.27,50000,2,0,0,0.069,0,0
0,60,3,39499,704,38,0.26,150000,4,0,1,0.317,0,1
0,33,3,39460,687,11,0.31,100000,2,0,1,0.416,0,1
1,28,2,25957,705,5,0.22,150000,1,0,0,0.173,0,0
1,60,1,20000,619,36,0.12,250000,0,0,0,0.149,0,0
1,63,1,20000,670,39,0.32,150000,0,0,1,0.095,1,1
1,47,3,37255,601,23,0.18,250000,2,0,0,0.112,1,1
0,61,3,38173,687,38,0.17,150000,2,0,1,0.153,0,1
0,30,3,39174,768,7,0.25,250000,1,0,1,0.297,0,1
1,62,2,24391,662,40,0.27,150000,0,0,0,0.455,1,1
1,55,2,27902,752,32,0.21,100000,4,0,1,0.142,1,1
0,34,3,39527,673,12,0.21,150000,3,0,1,0.128,0,1
1,57,2,24992,620,34,0.22,150000,0,1,1,0.107,0,0
0,46,3,40468,726,24,0.35,100000,0,0,1,0.236,0,1
0,45,3,39970,715,22,0.25,100000,1,0,1,0.228,0,1
0,65,2,26449,807,41,0.18,100000,0,1,0,0.208,0,1
1,38,1,20000,616,16,0.18,100000,0,0,0,0.164,0,0
1,23,2,24844,699,0,0.23,200000,0,1,0,0.309,0,0
0,34,1,20000,691,11,0.27,150000,4,0,1,0.261,0,0
0,52,3,37138,748,30,0.28,200000,3,0,0,0.258,0,1
1,50,3,37102,719,27,0.26,300000,0,0,0,0.23,1,1
0,49,4,51265,684,25,0.19,150000,3,0,0,0.185,0,1
1,48,3,38140,631,26,0.22,150000,2,1,0,0.143,0,0
0,36,1,20000,689,14,0.3,100000,1,0,0,0.242,0,0
1,52,2,24483,700,30,0.17,150000,3,0,0,0.234,1,1
0,61,3,39576,724,39,0.22,200000,2,1,1,0.245,0,1
1,36,1,20000,654,14,0.29,100000,3,1,1,0.075,0,0
1,54,3,37223,705,30,0.31,100000,1,0,1,0.227,1,1
1,41,3,38293,605,19,0.24,150000,1,0,0,0.175,1,1
1,63,2,25848,623,39,0.22,200000,0,0,1,0.13,1,1
0,33,2,25884,731,9,0.16,200000,1,0,1,0.258,0,1
0,58,2,27205,689,34,0.29,300000,2,1,0,0.214,0,0
1,30,3,39161,716,8,0.34,250000,4,1,0,0.388,1,1
1,44,2,25464,647,20,0.43,100000,2,0,1,0.239,0,0
0,29,4,50643,660,7,0.28,50000,0,0,1,0.176,0,1
0,53,2,26698,656,29,0.25,150000,0,0,0,0.191,0,1
0,35,4,53436,713,13,0.19,150000,3,0,0,0.106,0,1
1,48,1,20000,707,25,0.12,150000,1,0,1,0.298,1,1
1,46,1,20000,656,23,0.26,100000,1,0,1,0.225,0,0
0,34,3,39422,598,10,0.41,100000,3,0,1,0.227,0,0
1,42,3,38627,712,19,0.34,50000,4,0,1,0.115,1,1
0,52,2,27850,694,28,0.33,250000,2,0,0,0.262,0,1
1,58,3,37610,716,34,0.27,300000,0,0,1,0.125,1,1
0,64,3,37206,737,40,0.28,50000,1,0,0,0.156,0,1
1,26,1,20000,712,3,0.08,100000,2,0,0,0.21,0,0
0,34,2,27539,754,10,0.3,50000,3,0,0,0.154,0,1
1,49,3,40953,691,26,0.21,250000,4,0,0,0.137,1,1
0,64,2,25466,656,41,0.2,300000,1,0,1,0.196,0,1
1,46,2,24916,737,24,0.23,100000,3,0,1,0.281,1,1
0,56,3,39368,739,33,0.23,100000,0,0,0,0.272,0,1
0,60,2,26140,667,38,0.2,150000,0,0,1,0.257,0,1
0,28,1,20000,730,4,0.25,150000,1,0,1,0.239,0,0
0,59,4,51181,704,35,0.21,200000,4,0,1,0.162,1,1
0,53,2,26919,750,31,0.26,150000,0,0,1,0.29,0,1
0,24,3,39146,785,0,0.15,300000,1,0,0,0.061,0,1
1,60,3,39272,835,38,0.24,50000,4,0,1,0.235,1,1
0,58,1,20000,673,36,0.17,200000,1,0,0,0.267,0,1
1,43,1,20000,747,19,0.21,100000,0,0,0,0.193,1,1
1,29,2,24719,726,7,0.26,150000,2,0,0,0.142,1,1
1,38,2,24584,732,16,0.14,200000,2,0,0,0.197,1,1
1,48,3,39014,713,26,0.19,250000,1,0,1,0.139,1,1
0,54,3,40472,742,30,0.29,200000,4,1,1,0.241,0,1
0,38,2,27642,604,14,0.15,200000,0,0,1,0.276,0,0
0,63,2,27870,678,39,0.37,200000,3,0,1,0.236,0,1
1,33,2,24063,644,9,0.33,100000,2,0,0,0.231,0,0
1,48,2,24767,639,24,0.22,200000,1,0,0,0.261,0,0
1,29,2,24559,601,6,0.19,200000,3,0,1,0.27,0,0
1,44,1,20000,641,21,0.26,150000,0,0,1,0.138,0,0
1,63,3,38733,680,41,0.15,150000,0,1,1,0.077,1,1
1,50,1,20000,680,27,0.11,200000,4,0,0,0.222,0,0
1,41,2,27894,679,17,0.22,200000,0,1,1,0.274,0,0
0,37,3,38542,747,13,0.24,100000,0,0,1,0.074,0,1
0,38,1,20000,620,14,0.26,200000,1,0,0,0.206,0,0
0,37,2,26415,573,15,0.21,200000,0,0,1,0.29,0,0
0,40,2,26791,709,18,0.34,100000,3,0,0,0.191,0,1
0,29,1,20000,667,7,0.15,200000,4,0,0,0.322,0,0
1,59,1,20000,666,37,0.17,100000,1,0,1,0.307,1,1
0,59,4,51994,660,37,0.28,50000,1,0,1,0.185,0,1
0,50,2,25121,730,28,0.17,150000,1,0,1,0.171,0,1
1,62,4,51291,676,39,0.17,250000,0,0,1,0.172,1,1
1,57,2,25083,631,33,0.26,50000,0,0,0,0.211,0,0
0,47,2,26547,772,24,0.18,250000,0,0,0,0.106,0,1
1,52,2,27379,718,30,0.24,150000,1,0,0,0.091,1,1
0,65,2,27564,677,41,0.2,250000,2,0,1,0.02,0,1
0,33,2,27054,545,9,0.19,250000,4,0,1,0.198,0,0
1,38,2,26458,667,14,0.1,250000,2,0,1,0.363,1,1
1,36,2,27065,678,13,0.26,200000,2,0,1,0.041,1,1
1,30,1,20000,750,6,0.16,250000,1,0,1,0.185,1,1
1,60,2,25932,583,38,0.24,100000,3,1,1,0.183,0,0
1,63,2,25351,765,41,0.21,100000,4,0,1,0.188,1,1
0,33,2,24463,704,10,0.24,100000,4,1,1,0.301,0,0
1,53,3,39749,623,30,0.24,200000,0,0,0,0.129,1,1
1,46,3,38660,740,24,0.26,100000,2,1,0,0.044,1,1
1,60,2,25948,666,37,0.2,100000,2,0,0,0.157,1,1
0,39,1,20000,578,15,0.34,250000,0,0,1,0.147,0,0
1,36,2,24059,655,13,0.12,200000,4,0,1,0.022,1,1
1,53,4,53996,714,29,0.23,250000,0,1,0,0.22,1,1
0,27,1,20000,673,3,0.31,100000,0,0,1,0.105,0,0
0,65,3,37332,725,41,0.28,150000,1,0,1,0.193,1,1
1,64,2,24075,740,40,0.18,100000,1,0,1,0.171,1,1
0,56,1,20000,609,32,0.19,50000,4,0,1,0.114,0,0
1,55,2,26364,678,33,0.18,100000,1,0,1,0.271,1,1
1,59,2,27841,646,37,0.29,150000,1,0,1,0.177,1,1
1,26,3,40488,621,4,0.2,50000,2,0,0,0.204,0,0
1,39,2,24189,677,15,0.27,150000,0,0,0,0.247,0,0
0,37,2,27560,703,14,0.27,150000,2,0,1,0.223,0,1
1,29,2,25912,706,6,0.42,50000,2,0,0,0.212,0,0
1,46,3,40386,668,22,0.27,200000,1,0,1,0.134,1,1
0,53,2,24295,624,30,0.19,200000,4,0,1,0.111,0,1
0,47,1,20000,634,23,0.15,250000,2,0,1,0.213,0,0
1,43,2,24176,576,20,0.23,150000,2,0,1,0.123,0,0
0,52,1,20000,604,28,0.24,300000,4,0,1,0.264,0,0
1,64,3,37805,629,41,0.1,250000,2,1,0,0.19,1,1
0,31,1,20000,716,8,0.2,150000,1,0,1,0.252,0,0
0,33,2,25742,726,11,0.27,150000,0,0,1,0.121,0,1
0,49,2,24214,797,26,0.21,50000,2,0,0,0.109,0,1
1,27,4,51879,713,4,0.32,200000,4,0,0,0.334,1,1
1,41,2,26700,653,17,0.14,150000,1,0,1,0.188,1,1
1,26,2,24596,680,3,0.3,300000,1,0,1,0.273,0,0
1,44,4,51717,690,21,0.31,150000,1,0,0,0.087,1,1
1,30,2,25355,645,7,0.32,300000,2,0,0,0.177,0,0
0,50,4,50127,717,27,0.14,250000,0,0,1,0.304,1,1
1,37,1,20000,680,14,0.27,300000,3,0,0,0.075,0,0
1,43,2,26598,675,21,0.2,100000,3,0,1,0.382,1,1
0,29,3,38558,673,6,0.15,100000,1,0,1,0.216,0,1
1,41,4,51777,734,17,0.22,200000,0,0,1,0.134,1,1
0,35,2,27437,649,11,0.19,200000,2,0,0,0.228,0,0
1,60,4,50618,677,37,0.31,100000,0,0,1,0.289,1,1
1,58,2,26395,706,35,0.29,200000,1,0,1,0.134,1,1
1,55,3,37141,745,32,0.17,150000,0,0,1,0.145,1,1
1,32,2,27216,730,10,0.2,50000,2,0,1,0.22,1,1
0,61,2,26839,665,37,0.22,150000,1,1,1,0.237,0,1
1,54,4,50244,630,32,0.24,300000,3,0,0,0.184,1,1
1,52,4,53513,684,30,0.32,150000,2,0,1,0.232,1,1
1,65,2,26750,684,42,0.3,200000,4,0,0,0.268,1,1
1,55,1,20000,608,32,0.25,50000,0,1,1,0.214,0,0
0,28,1,20000,653,4,0.23,200000,0,0,0,0.145,0,0
1,44,2,25135,746,21,0.13,300000,1,0,0,0.198,1,1
0,28,1,20000,678,4,0.34,150000,0,0,0,0.34,0,0
0,46,2,27721,650,24,0.22,100000,0,0,0,0.227,0,1
0,24,2,25909,681,0,0.36,200000,2,0,0,0.299,0,0
0,59,3,39247,694,35,0.26,250000,2,0,0,0.159,0,1
1,41,1,20000,649,17,0.39,100000,0,0,0,0.221,0,0
1,55,2,24420,722,33,0.29,150000,1,0,0,0.264,1,1
1,65,2,24006,579,43,0.15,100000,1,0,1,0.32,1,1
0,65,3,40929,715,42,0.21,150000,0,0,1,0.298,1,1
0,51,2,25548,648,28,0.24,150000,3,0,0,0.11,0,1
1,38,2,26639,737,14,0.19,300000,0,1,1,0.292,1,1
0,31,3,39333,619,7,0.22,150000,0,0,1,0.335,0,1
1,56,3,37670,741,34,0.15,150000,0,0,0,0.154,1,1
0,41,3,39436,646,19,0.25,250000,0,0,0,0.128,0,1
1,39,4,50415,717,17,0.27,100000,3,0,0,0.198,1,1
0,65,3,39831,664,41,0.18,200000,0,0,1,0.214,0,1
0,48,3,38006,751,24,0.39,200000,2,1,1,0.172,0,1
1,57,1,20000,659,35,0.25,100000,1,1,0,0.105,0,0
1,44,2,27221,640,20,0.19,100000,2,0,1,0.318,1,1
1,53,2,27062,756,31,0.14,150000,4,0,1,0.131,1,1
1,31,2,24427,664,8,0.25,150000,3,0,0,0.159,0,0
1,32,2,27879,708,10,0.23,100000,0,0,1,0.209,1,1
0,59,2,27052,731,35,0.3,300000,3,1,0,0.082,0,1
0,27,3,40364,641,3,0.24,150000,1,0,1,0.076,0,1
1,62,2,24333,703,38,0.17,250000,1,0,1,0.165,1,1
1,55,2,26319,710,31,0.37,100000,2,1,1,0.266,1,1
0,57,4,53114,614,35,0.28,300000,4,0,1,0.215,0,1
0,58,2,27539,697,36,0.23,200000,0,0,1,0.035,0,1
1,38,2,26366,660,15,0.26,200000,2,0,0,0.311,0,0
0,61,2,27563,769,39,0.28,150000,0,1,0,0.264,0,1
1,61,4,50526,747,38,0.15,150000,1,0,1,0.215,1,1
1,33,2,26807,704,11,0.26,150000,3,1,1,0.213,0,0
1,42,3,38195,577,20,0.22,200000,1,1,1,0.254,0,0
1,61,1,20000,694,37,0.29,250000,0,0,1,0.386,1,1
1,40,2,25672,638,17,0.2,50000,1,0,1,0.27,0,0
0,24,2,26368,728,0,0.21,250000,2,0,1,0.224,0,1
0,39,3,39786,681,15,0.37,300000,1,0,0,0.102,0,1
0,40,3,40115,661,18,0.34,150000,0,0,1,0.213,0,1
1,27,3,38555,665,5,0.02,100000,1,1,1,0.262,1,1
1,37,3,39028,669,14,0.33,200000,4,0,1,0.191,1,1
0,29,2,25654,605,6,0.24,150000,2,1,1,0.158,0,0
1,39,3,37453,623,17,0.2,200000,2,0,0,0.244,1,1
1,64,2,24745,661,41,0.18,200000,2,0,1,0.121,1,1
1,60,3,38903,775,38,0.18,50000,0,0,1,0.269,1,1
0,33,2,27962,719,11,0.2,150000,2,0,1,0.165,0,1
1,31,1,20000,714,9,0.17,150000,1,0,1,0.03,0,0
1,28,2,24847,745,5,0.16,300000,0,0,1,0.164,1,1
0,22,2,24867,695,0,0.18,100000,0,0,0,0.195,0,0
1,57,2,24773,654,34,0.27,100000,2,0,1,0.244,1,1
1,42,3,39130,667,18,0.25,250000,0,0,0,0.235,1,1
1,58,1,20000,624,35,0.29,100000,1,0,1,0.097,0,0
1,45,2,24321,724,21,0.25,200000,0,1,1,0.21,1,1
0,46,3,37785,638,22,0.16,100000,0,0,0,0.157,0,1
1,28,2,27305,794,5,0.28,150000,1,0,1,0.171,1,1
1,63,3,37539,640,40,0.18,150000,2,0,0,0.12,1,1
0,38,2,26299,747,14,0.3,150000,0,1,0,0.196,0,0
0,50,4,52883,767,28,0.17,300000,0,1,0,0.451,0,1
0,51,2,25788,714,27,0.2,100000,2,0,1,0.349,0,1
1,28,1,20000,759,4,0.22,150000,2,0,0,0.12,0,0
1,54,2,27310,669,32,0.3,150000,2,0,0,0.205,1,1
0,28,1,20000,677,4,0.26,200000,0,0,0,0.175,0,0
0,45,4,51905,712,23,0.25,150000,3,0,0,0.211,0,1
1,32,1,20000,702,10,0.38,50000,1,0,0,0.273,0,0
1,30,2,24313,579,7,0.12,300000,2,0,1,0.19,0,0
1,33,2,27246,674,9,0.18,150000,0,0,1,0.143,1,1
0,56,3,40777,737,32,0.17,150000,0,0,1,0.293,1,1
1,25,2,27251,659,3,0.13,150000,2,0,0,0.101,0,0
1,57,4,51955,807,33,0.2,100000,0,0,1,0.215,1,1
1,49,1,20000,677,27,0.3,50000,0,1,0,0.081,0,0
0,34,1,20000,698,10,0.21,100000,2,0,0,0.118,0,0
0,44,2,25238,765,20,0.23,100000,1,1,0,0.26,0,1
1,40,3,40033,697,18,0.13,100000,2,0,0,0.146,1,1
0,63,3,40786,774,41,0.19,150000,2,0,1,0.05,1,1
0,58,1,20000,702,34,0.22,200000,1,0,1,0.142,0,1
1,60,1,20000,702,36,0.29,200000,1,0,1,0.134,1,1
1,45,3,39816,641,23,0.13,50000,4,0,1,0.099,1,1
1,37,1,20000,730,14,0.22,250000,1,0,1,0.244,1,1
0,54,1,20000,636,31,0.33,250000,2,0,1,0.076,0,0
0,33,1,20000,659,9,0.22,300000,0,1,1,0.153,0,0
0,55,1,20000,739,31,0.1,150000,3,0,1,0.211,0,1
0,28,2,26765,659,4,0.34,200000,0,0,1,0.173,0,0
1,32,1,20000,689,10,0.3,100000,2,0,0,0.168,0,0
0,52,2,25942,677,28,0.31,200000,1,0,1,0.142,0,1
1,50,3,40242,688,26,0.13,100000,2,0,0,0.102,1,1
1,34,2,26453,671,10,0.36,100000,1,0,1,0.149,0,0
0,52,3,40899,633,29,0.2,150000,2,1,1,0.253,0,1
0,23,1,20000,699,0,0.21,150000,0,0,1,0.165,0,0
1,60,3,37410,724,36,0.2,150000,1,0,1,0.213,1,1
0,36,2,26999,647,14,0.32,50000,3,0,1,0.289,0,0
0,32,3,39945,665,9,0.24,150000,0,0,0,0.248,0,1
1,55,1,20000,720,33,0.28,250000,0,0,0,0.098,1,1
0,60,4,50877,685,36,0.26,250000,1,0,0,0.236,0,1
1,25,2,24786,685,1,0.24,150000,4,0,1,0.284,0,0
1,32,2,26109,631,8,0.18,150000,0,0,0,0.153,0,0
1,50,4,51350,696,26,0.38,50000,0,0,1,0.073,1,1
0,23,2,25739,631,0,0.15,100000,2,0,1,0.165,0,0
0,37,2,25986,646,15,0.28,100000,0,0,1,0.215,0,0
1,60,4,50878,657,36,0.28,150000,1,0,0,0.247,1,1
1,34,2,27204,727,10,0.33,200000,3,0,0,0.158,1,1
0,58,1,20000,596,35,0.35,150000,0,0,0,0.037,0,0
1,38,4,51613,714,15,0.24,100000,2,0,1,0.098,1,1
0,42,2,27260,667,18,0.29,150000,1,0,0,0.229,0,0
0,65,3,39403,766,41,0.37,100000,3,0,1,0.359,1,1
1,40,1,20000,712,16,0.25,200000,4,0,0,0.198,0,0
0,28,3,39310,621,4,0.18,100000,1,0,1,0.305,0,1
1,59,2,24305,649,35,0.22,150000,2,0,1,0.115,1,1
0,29,4,52605,699,5,0.16,200000,2,1,1,0.148,0,1
0,34,2,27295,649,12,0.28,100000,1,0,0,0.02,0,0
0,58,1,20000,719,36,0.32,50000,0,0,1,0.23,0,1
1,23,3,37761,699,1,0.24,150000,4,0,0,0.129,1,1
0,62,1,20000,659,39,0.14,50000,1,0,0,0.248,0,1
1,32,3,39121,743,8,0.32,150000,0,0,0,0.16,1,1
1,45,3,40582,625,22,0.13,200000,3,1,0,0.362,0,0
1,27,2,26189,665,4,0.14,100000,2,0,1,0.343,0,0
0,47,3,38608,703,24,0.24,150000,0,0,1,0.02,0,1
1,28,1,20000,662,6,0.27,250000,0,0,0,0.247,0,0
0,60,2,25629,509,36,0.28,150000,0,0,0,0.141,0,0
0,40,2,25604,698,16,0.25,300000,4,0,0,0.252,0,1
1,27,3,40136,717,4,0.37,100000,4,0,0,0.093,1,1
0,64,1,20000,614,42,0.25,200000,1,1,0,0.315,0,0
1,50,3,40000,569,27,0.32,200000,3,0,0,0.282,0,0
0,64,1,20000,632,41,0.31,250000,1,0,1,0.087,0,0
0,60,3,40603,678,36,0.16,50000,2,0,1,0.185,0,1
1,23,1,20000,663,1,0.24,100000,1,1,0,0.213,0,0
0,40,3,40786,581,16,0.4,100000,1,0,1,0.258,0,0
1,25,1,20000,681,2,0.21,300000,0,0,0,0.199,0,0
1,27,2,24299,736,3,0.2,150000,0,0,1,0.263,1,1
0,58,2,27266,732,35,0.26,250000,0,0,0,0.194,0,1
1,49,3,37453,757,27,0.22,100000,0,0,1,0.249,1,1
1,51,2,26621,613,27,0.19,100000,4,0,1,0.091,0,0
1,28,3,37618,738,4,0.22,100000,4,0,1,0.198,1,1
0,30,2,24636,628,6,0.35,150000,3,1,0,0.292,0,0
1,46,3,39348,733,22,0.24,250000,0,0,0,0.313,1,1
1,54,1,20000,629,30,0.16,150000,1,0,1,0.214,0,0
0,22,2,25479,699,0,0.14,250000,1,0,1,0.192,0,1
0,27,2,27036,764,5,0.4,100000,1,0,0,0.309,0,1
1,39,1,20000,721,15,0.23,200000,0,0,0,0.192,0,0
1,31,1,20000,619,8,0.28,200000,1,0,0,0.292,0,0
1,49,4,53927,637,26,0.2,100000,0,0,0,0.191,1,1
1,32,4,52349,742,8,0.27,50000,3,1,0,0.203,1,1
1,54,3,39044,762,30,0.35,150000,2,1,0,0.112,1,1
0,22,2,25647,703,0,0.2,50000,1,0,1,0.1,0,1
0,34,2,24336,651,12,0.28,250000,2,0,1,0.278,0,0
0,58,3,39079,692,34,0.15,300000,0,0,1,0.338,0,1
1,41,1,20000,693,17,0.39,200000,0,0,1,0.208,0,0
0,22,4,53169,695,0,0.27,200000,1,0,1,0.187,0,1
1,24,2,26007,629,2,0.22,100000,2,0,1,0.282,0,0
0,39,4,51782,758,15,0.23,50000,0,0,1,0.227,1,1
0,62,2,26820,783,40,0.21,200000,2,0,1,0.02,0,1
1,35,3,40262,768,11,0.22,150000,0,0,1,0.279,1,1
0,52,1,20000,550,28,0.08,200000,0,0,1,0.093,0,0
1,48,4,51071,763,24,0.24,200000,0,0,0,0.199,1,1
0,38,2,26031,711,14,0.24,150000,2,0,1,0.165,0,1
1,50,3,38273,653,27,0.28,100000,1,0,0,0.149,1,1
1,57,3,38249,582,33,0.21,200000,2,0,1,0.204,1,1
0,58,1,20000,663,35,0.2,150000,0,1,1,0.271,0,0
1,47,2,26712,700,24,0.25,250000,0,0,1,0.203,1,1
0,38,2,27556,619,14,0.14,150000,2,1,1,0.313,0,0
1,43,2,24327,747,21,0.26,100000,0,0,1,0.323,1,1
0,46,2,24796,746,24,0.12,100000,0,1,1,0.322,0,1
0,23,2,25203,705,0,0.33,200000,1,0,1,0.196,0,0
1,43,2,26861,604,19,0.3,150000,2,0,0,0.162,0,0
1,26,3,37664,675,2,0.19,150000,2,0,1,0.197,1,1
1,25,3,39793,729,3,0.3,150000,0,0,1,0.29,1,1
1,57,2,27094,716,35,0.26,150000,2,0,0,0.285,1,1
1,27,4,52977,661,3,0.18,100000,2,0,0,0.02,1,1
0,42,3,37962,659,20,0.11,150000,1,1,0,0.224,0,1
0,34,2,25629,640,11,0.27,100000,0,0,1,0.02,0,0
0,58,2,25393,664,36,0.19,150000,2,0,0,0.198,0,1
0,46,2,25268,653,24,0.33,150000,2,0,0,0.158,0,0
0,47,3,40873,653,23,0.25,100000,0,0,1,0.133,0,1
0,60,3,38183,682,37,0.2,150000,2,0,0,0.268,0,1
1,41,1,20000,672,17,0.38,150000,1,0,1,0.148,0,0
0,54,3,37284,749,32,0.29,100000,2,0,0,0.199,0,1
0,35,2,26568,582,12,0,300000,0,1,1,0.125,0,0
0,57,1,20000,737,33,0.22,50000,0,0,1,0.206,0,1
1,38,3,39744,648,16,0.15,200000,1,0,1,0.277,1,1
1,42,3,37806,792,19,0.19,100000,1,0,1,0.13,1,1
1,37,2,24646,717,13,0.24,250000,1,0,0,0.251,1,1
0,37,2,27693,710,14,0.27,250000,2,0,1,0.205,0,1
1,41,4,51604,694,19,0.27,150000,2,0,0,0.204,1,1
1,50,2,26183,793,26,0.33,250000,2,0,0,0.172,1,1
0,49,3,37095,688,27,0.29,100000,0,0,0,0.262,0,1
1,29,1,20000,753,6,0.29,100000,2,0,1,0.254,1,1
1,45,1,20000,638,23,0.26,100000,1,1,0,0.189,0,0
1,24,2,24273,719,1,0.34,150000,0,0,1,0.216,1,1
0,46,2,27941,784,22,0.23,150000,0,0,1,0.259,0,1
0,40,3,39925,643,18,0.23,150000,0,0,1,0.243,0,1
1,54,2,26897,707,30,0.12,150000,1,0,0,0.175,1,1
0,23,2,25200,641,0,0.32,200000,1,0,1,0.293,0,0
1,36,2,27944,703,12,0.24,100000,4,0,1,0.269,1,1
0,43,2,25772,784,19,0.46,50000,3,0,0,0.369,0,1
0,31,4,50783,648,9,0.22,150000,3,1,0,0.074,0,1
0,39,3,38300,698,17,0.26,150000,1,0,0,0.256,0,1
1,43,1,20000,624,19,0.29,50000,3,0,1,0.292,0,0
0,48,3,40945,682,24,0.17,100000,0,0,1,0.28,0,1
0,34,3,37131,724,11,0.28,150000,2,0,1,0.18,0,1
1,54,3,40115,673,30,0.25,100000,1,0,1,0.091,1,1
0,26,1,20000,756,3,0.23,250000,0,0,1,0.323,0,1
1,47,2,27207,706,24,0.33,100000,0,0,1,0.161,1,1
0,34,1,20000,597,10,0.19,50000,2,0,1,0.176,0,0
1,48,3,39420,707,26,0.27,150000,0,1,0,0.365,1,1
0,35,3,38149,770,12,0.35,300000,2,0,0,0.098,0,1
1,45,2,27510,709,23,0.2,200000,4,0,0,0.266,1,1
1,24,2,25810,694,0,0.23,150000,0,0,1,0.14,0,0
1,51,1,20000,653,27,0.41,50000,1,0,1,0.138,0,0
1,56,1,20000,664,32,0.28,150000,2,0,0,0.213,0,0
1,35,4,50807,700,11,0.21,100000,0,0,0,0.254,1,1
1,33,1,20000,535,10,0.31,200000,4,0,1,0.276,0,0
0,49,1,20000,695,26,0.21,150000,3,0,0,0.287,0,0
1,65,4,53208,754,43,0.14,100000,0,0,0,0.143,1,1
1,50,2,25181,638,28,0.35,50000,0,0,0,0.109,0,0
0,64,3,37055,702,41,0.17,200000,4,0,0,0.173,0,1
1,38,1,20000,689,14,0.42,150000,4,0,0,0.228,0,0
0,61,2,24743,724,39,0.22,250000,1,0,0,0.184,0,1
0,42,2,26475,680,19,0.4,100000,0,0,1,0.02,0,1
0,44,3,37442,719,22,0.15,200000,2,0,1,0.054,0,1
0,41,1,20000,606,18,0.32,50000,0,0,0,0.181,0,0
0,32,2,26373,624,8,0.28,100000,4,1,0,0.268,0,0
1,55,3,39687,713,32,0.31,200000,2,0,0,0.128,1,1
1,31,2,25661,667,9,0.32,250000,2,0,1,0.259,0,0
1,31,2,26876,593,8,0.22,100000,0,0,1,0.08,0,0
0,64,1,20000,689,42,0.16,200000,2,1,0,0.22,0,0
1,27,1,20000,599,5,0.25,200000,0,0,0,0.221,0,0
0,57,3,37376,838,35,0.27,150000,0,0,1,0.237,1,1
0,45,3,40940,570,21,0.22,250000,1,0,1,0.119,0,1
0,33,4,52966,702,9,0.27,150000,1,0,0,0.076,0,1
1,64,3,39380,628,41,0.27,200000,2,0,0,0.258,1,1
1,44,2,27246,730,21,0.19,150000,3,0,1,0.078,1,1
0,48,3,40728,667,26,0.28,150000,1,0,0,0.138,0,1
0,58,1,20000,725,34,0.23,250000,1,0,0,0.311,0,1
1,27,2,24125,722,4,0.2,100000,1,0,1,0.214,1,1
1,22,2,25717,621,0,0.31,50000,1,0,0,0.23,0,0
0,27,1,20000,629,3,0.2,250000,2,0,1,0.25,0,0
0,43,3,37947,671,21,0.22,250000,1,0,1,0.247,0,1
0,62,2,24277,676,39,0.26,150000,3,0,0,0.198,0,1
0,45,2,27556,669,23,0.35,100000,2,0,1,0.128,0,1
0,46,2,24594,720,22,0.26,200000,0,0,1,0.415,0,1
1,36,2,24934,692,12,0.29,50000,0,0,0,0.177,0,0
1,47,1,20000,636,24,0.23,150000,1,1,0,0.226,0,0
1,29,3,37140,639,6,0.24,50000,1,0,1,0.235,1,1
1,45,2,26893,635,21,0.25,150000,1,0,1,0.157,0,0
0,59,3,40055,708,37,0.27,50000,0,0,1,0.166,0,1
0,27,1,20000,659,5,0.23,200000,4,0,0,0.319,0,0
0,56,2,24876,794,32,0.34,200000,0,0,1,0.141,0,1
1,63,3,38729,689,40,0.22,150000,2,0,1,0.233,1,1
0,22,3,37109,700,0,0.13,100000,0,0,1,0.272,0,1
0,57,2,25075,580,34,0.44,50000,1,0,1,0.183,0,0
0,33,3,40686,616,11,0.23,100000,1,0,0,0.192,0,0
0,59,4,52660,638,36,0.34,150000,1,1,1,0.277,0,1
1,32,4,53725,670,10,0.35,200000,1,0,0,0.189,1,1
1,33,3,39760,608,9,0.32,50000,2,0,1,0.034,0,0
1,63,3,38993,626,40,0.24,200000,2,0,0,0.32,1,1
1,60,2,27390,716,38,0.27,200000,2,0,1,0.122,1,1
1,28,3,38222,642,5,0.16,150000,3,0,1,0.217,1,1
0,32,2,24795,677,10,0.39,150000,3,1,1,0.095,0,0
0,57,4,52029,732,35,0.19,250000,2,0,1,0.159,1,1
0,52,1,20000,722,28,0.23,200000,0,0,1,0.165,0,1
0,54,2,27117,696,30,0.26,300000,4,0,0,0.214,0,1
1,34,2,26552,699,11,0.24,150000,4,0,0,0.13,1,1
0,39,2,27611,733,17,0.2,250000,2,0,1,0.359,0,1
1,62,2,25537,702,38,0.35,50000,1,0,1,0.202,1,1
1,45,2,27966,736,22,0.32,150000,0,0,0,0.27,1,1
1,30,3,38040,572,6,0.27,150000,2,0,0,0.199,0,0
1,52,3,37314,685,29,0.22,150000,3,0,1,0.28,1,1
1,62,2,27507,683,38,0.32,200000,2,0,0,0.032,1,1
1,31,3,40459,683,7,0.22,100000,2,0,1,0.144,1,1
1,23,2,24076,686,1,0.36,250000,0,0,0,0.158,0,0
0,59,1,20000,647,37,0.26,150000,1,0,1,0.158,0,0
1,36,3,39946,733,12,0.34,250000,2,1,1,0.241,1,1
1,24,3,40442,660,2,0.24,50000,0,0,1,0.247,1,1
1,64,2,27236,668,40,0.26,200000,2,0,0,0.194,1,1
0,52,2,27680,759,29,0.34,150000,2,0,1,0.196,0,1
1,27,2,25640,751,3,0.4,150000,1,0,0,0.395,1,1
1,24,2,27095,688,0,0.36,200000,0,0,1,0.226,0,0
1,32,1,20000,634,9,0.31,100000,3,0,1,0.022,0,0
1,36,4,53106,610,13,0.29,100000,0,1,1,0.262,1,1
1,49,3,38537,682,27,0.21,200000,1,0,1,0.245,1,1
1,31,3,40872,717,8,0.27,150000,2,0,0,0.293,1,1
1,59,2,25867,640,37,0.19,100000,3,0,1,0.248,1,1
1,28,3,37853,690,4,0.28,150000,3,0,0,0.128,1,1
1,36,2,27532,660,13,0.28,150000,1,0,1,0.271,1,1
0,39,2,25161,585,15,0.11,200000,1,0,0,0.208,0,0
0,39,1,20000,676,17,0.25,50000,3,0,0,0.284,0,0
1,62,3,38597,713,39,0.28,150000,2,0,1,0.324,1,1
1,45,4,53882,708,23,0.24,150000,2,0,0,0.19,1,1
0,23,1,20000,758,1,0.28,200000,1,1,0,0.27,0,0
1,61,1,20000,652,38,0.16,250000,1,0,0,0.283,0,0
1,41,2,27642,657,18,0.2,150000,1,0,1,0.213,1,1
0,55,3,37264,809,33,0.32,150000,1,1,0,0.357,0,1
1,64,2,24332,611,41,0.25,50000,1,1,1,0.284,0,0
1,47,2,26235,645,25,0.27,100000,4,0,1,0.153,1,1
1,28,3,38086,709,4,0.21,50000,1,0,0,0.221,1,1
0,59,2,24819,741,35,0.25,200000,0,0,0,0.269,0,1
1,51,1,20000,721,28,0.09,200000,1,1,1,0.354,1,1
0,63,1,20000,612,40,0.31,150000,2,0,1,0.25,0,0
0,26,3,38194,779,2,0.38,100000,3,0,1,0.223,0,1
1,32,2,25526,705,10,0.18,50000,2,0,1,0.301,1,1
1,22,4,53604,654,0,0.18,250000,3,0,0,0.182,1,1
1,55,3,37298,649,33,0.28,250000,3,0,1,0.121,1,1
1,22,1,20000,673,0,0.35,100000,4,0,0,0.256,0,0
1,40,2,25158,798,18,0.25,200000,0,0,0,0.17,1,1
0,23,2,24271,691,0,0.16,100000,1,0,0,0.417,0,0
0,42,1,20000,787,19,0.24,100000,1,0,1,0.22,0,1
0,41,4,53513,748,18,0.18,50000,1,0,1,0.257,1,1
1,44,3,40158,620,20,0.2,150000,2,0,1,0.15,1,1
0,42,2,26078,757,20,0.23,100000,1,0,1,0.301,0,1
0,45,2,25144,628,22,0.18,50000,2,0,1,0.198,0,1
0,25,1,20000,636,3,0.2,50000,1,0,0,0.19,0,0
1,33,2,27717,695,9,0.26,100000,1,0,1,0.192,1,1
0,43,2,26930,678,21,0.27,200000,1,0,0,0.097,0,1
1,41,2,27008,729,17,0.15,100000,3,0,1,0.18,1,1
1,39,4,50826,727,16,0.28,250000,2,0,0,0.244,1,1
1,22,1,20000,663,0,0.22,100000,4,0,0,0.076,0,0
0,51,2,26971,773,27,0.3,100000,3,0,1,0.282,0,1
0,54,3,38169,663,31,0.3,100000,1,0,1,0.179,0,1
1,45,2,24983,624,23,0.21,100000,0,0,1,0.22,0,0
1,35,1,20000,695,13,0.29,50000,2,0,0,0.021,0,0
1,57,2,24480,678,33,0.19,100000,2,0,1,0.218,1,1
1,26,2,27977,693,4,0.34,250000,1,0,0,0.117,0,0
1,32,4,53334,740,9,0.19,200000,0,0,1,0.172,1,1
1,45,4,52340,689,22,0.27,250000,2,0,1,0.075,1,1
0,52,4,52015,802,29,0.24,50000,0,0,1,0.129,1,1
1,34,3,38452,704,12,0.18,150000,4,0,1,0.187,1,1
1,37,2,26133,655,14,0.31,100000,2,0,1,0.178,0,0
1,45,4,51039,732,23,0.21,200000,0,0,1,0.271,1,1
0,34,4,52775,695,10,0.13,300000,0,1,0,0.051,0,1
0,45,2,24627,686,22,0.05,200000,2,0,1,0.196,0,1
0,47,2,24117,619,23,0.19,50000,2,0,0,0.192,0,0
1,23,2,26317,625,1,0.35,100000,2,1,1,0.163,0,0
0,37,1,20000,728,15,0.34,50000,2,0,1,0.127,0,1
1,59,1,20000,602,35,0.2,50000,2,0,0,0.288,0,0
0,22,4,52902,693,0,0.22,50000,1,0,1,0.364,0,1
0,32,4,50161,717,9,0.22,100000,4,0,0,0.063,0,1
0,56,1,20000,747,33,0.16,100000,1,0,1,0.126,0,1
0,64,2,27175,653,40,0.18,150000,0,0,0,0.12,0,1
0,50,3,38676,731,28,0.32,150000,1,0,0,0.177,0,1
1,58,3,37166,683,34,0.29,200000,0,0,0,0.3,1,1
0,38,2,24299,560,16,0.27,100000,1,0,0,0.242,0,0
1,60,3,39075,692,37,0.16,100000,2,1,0,0.188,1,1
1,63,4,53495,696,40,0.26,200000,0,0,0,0.201,1,1
1,49,4,53855,723,27,0.09,150000,3,0,1,0.174,1,1
1,50,2,24561,644,27,0.31,100000,2,1,1,0.259,0,0
1,64,1,20000,640,40,0.27,250000,0,0,1,0.269,1,1
1,24,4,52203,766,2,0.16,100000,1,0,1,0.247,1,1
1,31,1,20000,651,8,0.36,150000,1,0,1,0.024,0,0
0,63,3,40419,584,40,0.12,150000,0,0,0,0.201,0,1
1,35,1,20000,696,12,0.29,100000,0,0,1,0.185,0,0
1,33,2,26699,727,10,0.29,150000,0,0,1,0.279,1,1
0,63,2,25551,726,41,0.16,150000,1,1,0,0.219,0,1
1,51,1,20000,636,29,0.25,100000,0,0,1,0.245,0,0
0,53,4,50560,700,30,0.14,250000,0,0,1,0.16,1,1
0,53,1,20000,699,29,0.05,100000,3,0,0,0.275,0,1
0,63,4,53133,753,39,0.18,200000,0,0,0,0.299,1,1
0,53,4,53411,727,29,0.21,150000,1,0,1,0.07,1,1
1,47,2,25689,722,23,0.3,150000,0,0,1,0.096,1,1
0,22,3,37311,649,0,0.25,100000,0,0,0,0.261,0,0
1,63,2,26423,554,41,0.26,200000,2,0,1,0.186,0,0
1,23,3,38369,747,0,0.18,200000,0,0,1,0.282,1,1
0,38,2,26197,627,16,0.21,50000,0,0,0,0.219,0,0
1,51,2,25911,670,27,0.18,50000,2,0,1,0.255,1,1
0,60,2,26632,724,37,0.16,250000,0,0,1,0.14,0,1
0,28,3,37580,691,5,0.21,250000,1,0,0,0.227,0,1
0,48,4,50976,738,24,0.26,150000,0,1,1,0.227,0,1
0,30,1,20000,805,8,0.21,150000,1,0,0,0.145,0,1
1,43,2,26401,710,19,0.23,200000,0,0,0,0.28,1,1
1,55,2,24513,639,33,0.3,100000,4,0,0,0.048,0,0
0,22,3,39356,610,0,0.21,200000,1,0,1,0.217,0,0
1,30,1,20000,707,8,0.16,150000,2,0,1,0.096,0,0
0,41,3,38542,694,17,0.29,200000,2,1,1,0.118,0,1
0,40,1,20000,594,17,0.27,50000,2,0,1,0.279,0,0
0,57,2,27043,744,34,0.27,150000,2,0,0,0.112,0,1
1,61,3,37972,729,39,0.29,150000,2,0,1,0.109,1,1
1,25,3,37915,689,2,0.28,250000,1,0,0,0.246,1,1
1,30,3,39525,810,7,0.25,200000,1,0,1,0.111,1,1
1,62,2,25437,736,40,0.42,250000,3,0,1,0.281,1,1
0,43,4,50586,645,20,0.16,250000,3,0,0,0.252,0,1
1,39,2,24350,744,15,0.21,150000,0,0,1,0.138,1,1
1,33,4,51529,714,11,0.32,100000,1,1,1,0.278,1,1
1,63,2,26242,784,41,0.26,200000,2,0,0,0.045,1,1
0,64,2,27258,731,42,0.3,250000,0,0,1,0.238,0,1
0,60,2,25473,706,38,0.26,50000,4,0,1,0.1,0,1
1,30,2,24495,703,6,0.35,150000,1,0,1,0.158,1,1
1,27,1,20000,604,5,0.18,50000,2,0,0,0.163,0,0
1,40,3,39743,661,16,0.34,50000,0,0,0,0.303,1,1
1,28,3,38870,701,6,0.33,200000,0,1,1,0.16,1,1
0,37,4,50272,624,15,0.17,200000,0,0,1,0.194,0,1
0,26,1,20000,695,3,0.29,150000,0,0,1,0.165,0,0
1,37,2,26099,639,14,0.25,250000,1,0,0,0.121,0,0
1,22,3,37262,668,0,0.21,50000,3,0,0,0.118,1,1
0,58,2,27439,719,35,0.12,50000,1,0,1,0.225,0,1
1,60,2,26180,649,38,0.18,250000,0,0,0,0.198,1,1
0,40,3,40041,715,16,0.3,150000,0,0,1,0.261,0,1
1,58,2,27296,687,35,0.31,100000,2,0,0,0.181,1,1
1,38,1,20000,611,16,0.24,200000,1,0,0,0.183,0,0
1,47,4,51596,748,24,0.31,250000,4,1,0,0.261,1,1
1,43,1,20000,721,20,0.32,200000,2,1,1,0.17,0,0
0,29,4,52063,754,6,0.26,200000,3,0,1,0.085,0,1
1,54,1,20000,774,31,0.2,100000,0,0,1,0.268,1,1
1,23,3,37194,667,1,0.28,100000,2,0,0,0.146,1,1
1,51,1,20000,562,28,0.28,250000,0,0,0,0.205,0,0
1,41,3,38466,653,17,0.3,150000,2,0,1,0.15,1,1
1,39,1,20000,722,15,0.31,100000,1,0,1,0.122,1,1
1,64,3,38071,685,41,0.15,150000,2,0,0,0.048,1,1
0,31,2,25770,602,7,0.21,200000,0,0,0,0.227,0,0
1,45,1,20000,577,22,0.12,100000,1,1,0,0.02,0,0
1,25,3,38522,768,3,0.3,200000,0,0,1,0.304,1,1
0,58,2,24831,713,36,0.24,50000,0,0,1,0.283,0,1
1,25,1,20000,642,1,0.28,100000,2,0,1,0.127,0,0
0,34,1,20000,773,10,0.15,200000,4,0,0,0.327,0,1
1,46,2,24040,825,23,0.35,100000,2,0,1,0.365,1,1
0,34,1,20000,726,11,0.17,100000,1,1,0,0.178,0,0
0,39,1,20000,711,16,0.3,250000,0,0,0,0.233,0,0
0,45,2,24370,709,23,0.26,200000,0,1,1,0.211,0,1
0,23,3,38205,737,0,0.24,150000,0,0,1,0.321,0,1
1,54,2,26564,787,32,0.23,100000,4,0,0,0.089,1,1
0,40,1,20000,616,16,0.21,150000,1,0,1,0.182,0,0
1,30,4,53940,681,8,0.34,150000,3,1,1,0.274,1,1
1,49,4,50589,697,25,0.25,100000,2,1,0,0.265,1,1
1,56,2,24230,711,34,0.16,150000,2,0,1,0.197,1,1
1,60,1,20000,756,38,0.22,150000,4,0,1,0.311,1,1
1,31,4,51371,722,8,0.26,150000,0,0,1,0.219,1,1
0,22,2,24478,714,0,0.31,50000,1,0,1,0.209,0,1
1,63,2,25232,717,41,0.21,50000,3,0,1,0.256,1,1
0,42,2,26722,681,20,0.21,300000,2,0,0,0.195,0,1
0,30,3,40751,667,6,0.25,300000,0,1,1,0.204,0,0
1,36,1,20000,674,14,0.31,150000,0,0,1,0.137,0,0
1,56,3,38772,654,32,0.15,200000,2,0,1,0.435,1,1
1,26,3,40759,654,2,0.29,200000,0,0,0,0.162,0,0
1,62,2,26100,700,38,0.22,50000,3,0,1,0.258,1,1
1,43,3,38884,663,21,0.23,100000,0,1,1,0.353,1,1
1,62,1,20000,771,40,0.39,100000,2,0,1,0.093,1,1
1,44,2,27729,688,21,0.24,150000,2,1,0,0.249,0,0
0,28,2,25762,754,4,0.3,150000,2,1,1,0.202,0,0
0,44,2,24747,611,22,0.3,250000,1,1,0,0.344,0,0
1,65,2,24463,613,43,0.17,200000,3,0,1,0.127,1,1
0,46,2,24753,673,22,0.12,250000,2,0,0,0.14,0,1
1,48,1,20000,721,24,0.31,250000,2,0,1,0.196,1,1
1,62,2,24582,653,38,0.17,200000,0,0,1,0.161,1,1
0,27,2,26205,674,4,0.13,100000,0,0,1,0.163,0,1
1,55,3,37018,744,32,0.32,100000,0,0,1,0.362,1,1
1,30,1,20000,648,7,0.18,150000,0,0,0,0.21,0,0
0,54,3,38750,648,30,0.2,200000,2,0,1,0.137,0,1
0,27,2,24720,718,5,0.39,150000,1,0,1,0.169,0,1
0,58,1,20000,598,34,0.13,250000,2,0,1,0.232,0,0
0,52,2,27353,659,30,0.16,300000,0,0,0,0.227,0,1
0,55,2,26808,686,32,0.22,150000,1,0,1,0.154,0,1
1,62,2,25563,709,39,0.23,150000,3,0,1,0.07,1,1
1,50,2,27066,725,27,0.19,250000,4,0,0,0.196,1,1
1,35,4,53488,753,13,0.17,50000,4,0,1,0.194,1,1
1,57,4,52855,683,35,0.36,100000,3,0,0,0.148,1,1
1,57,2,26770,732,33,0.27,250000,2,0,0,0.302,1,1
1,36,3,39332,717,12,0.29,200000,3,0,1,0.246,1,1
0,29,1,20000,709,5,0.24,150000,2,1,0,0.211,0,0
0,47,2,25555,645,24,0.27,250000,4,0,1,0.171,0,1
0,57,3,39558,726,33,0.32,150000,0,0,1,0.339,0,1
1,42,2,27913,671,19,0.18,200000,4,1,1,0.108,0,0
0,49,1,20000,672,27,0.27,200000,2,0,0,0.16,0,0
1,25,1,20000,679,2,0.3,100000,0,0,0,0.164,0,0
0,37,2,26167,796,14,0.36,100000,0,0,1,0.224,0,1
1,43,2,26144,629,20,0.39,250000,3,0,1,0.253,0,0
0,33,2,26167,745,11,0.25,100000,1,0,1,0.093,0,1
1,37,2,25560,758,15,0.33,100000,4,0,0,0.145,1,1
0,61,2,25176,725,37,0.06,150000,0,0,1,0.236,0,1
0,59,3,38268,660,35,0.36,50000,1,0,0,0.147,0,1
1,63,1,20000,763,39,0.2,250000,1,0,1,0.168,1,1
1,58,3,40587,671,36,0.23,50000,1,0,0,0.214,1,1
0,50,3,39440,727,28,0.28,150000,2,0,1,0.122,0,1
1,39,3,38166,696,17,0.24,100000,2,0,0,0.222,1,1
0,31,3,40575,669,9,0.26,200000,0,0,1,0.249,0,1
0,63,2,26841,710,41,0.36,150000,0,0,0,0.203,0,1
1,60,2,25870,783,37,0.22,150000,0,0,1,0.314,1,1
1,39,2,27929,694,15,0.17,300000,3,0,1,0.258,1,1
1,22,4,52267,808,0,0.38,50000,1,0,0,0.197,1,1
0,60,2,26886,669,36,0.29,150000,1,0,0,0.174,0,1
1,42,1,20000,674,19,0.38,300000,1,1,0,0.34,0,0
1,22,1,20000,602,0,0.31,200000,3,0,0,0.147,0,0
1,36,4,52658,669,12,0.16,200000,0,0,0,0.178,1,1
0,25,1,20000,657,2,0.3,50000,0,0,1,0.167,0,0
0,41,1,20000,651,17,0.18,50000,2,0,1,0.232,0,0
0,31,2,25055,627,9,0.25,50000,4,0,1,0.38,0,0
1,44,4,52824,658,22,0.24,300000,2,1,0,0.22,1,1
0,62,2,24333,664,38,0.14,300000,0,0,0,0.174,0,1
0,55,2,27596,745,31,0.19,100000,1,1,1,0.215,0,1
0,54,3,40511,607,32,0.4,100000,4,0,1,0.095,0,1
0,55,1,20000,555,33,0.27,100000,1,0,0,0.185,0,0
1,60,4,52987,603,38,0.24,100000,1,1,0,0.336,1,1
1,31,2,26016,633,8,0.38,150000,1,0,0,0.253,0,0
0,41,2,24351,715,17,0.22,200000,4,0,0,0.298,0,1
1,22,3,38362,670,0,0.24,250000,2,0,1,0.281,1,1
0,34,4,50925,679,10,0.32,200000,2,1,0,0.143,0,1
0,22,2,25423,658,0,0.22,200000,0,0,1,0.353,0,0
1,26,1,20000,566,3,0.2,200000,2,0,1,0.058,0,0
0,37,3,40273,737,15,0.09,200000,1,0,1,0.227,0,1
1,36,2,26577,752,12,0.18,150000,0,0,0,0.035,1,1
1,49,4,53980,681,26,0.18,100000,3,0,0,0.063,1,1
0,52,4,53164,704,28,0.26,100000,1,0,1,0.275,1,1
0,44,1,20000,676,20,0.21,200000,0,0,0,0.145,0,0
1,64,4,52405,641,42,0.4,300000,4,0,1,0.3,1,1
1,38,2,25419,655,15,0.18,150000,0,0,0,0.026,0,0
0,55,3,39875,788,32,0.35,250000,2,1,1,0.193,0,1
0,34,1,20000,669,11,0.27,50000,2,0,1,0.103,0,0
0,35,4,52524,712,11,0.31,200000,4,0,1,0.174,0,1
1,32,3,40797,651,9,0.3,250000,3,0,1,0.324,1,1
1,49,3,39659,666,26,0.09,200000,2,0,1,0.343,1,1
1,63,4,50000,735,39,0.25,300000,1,0,1,0.241,1,1
0,53,2,25578,633,30,0.23,150000,1,0,0,0.072,0,0
1,56,2,24310,769,33,0.17,100000,4,0,0,0.103,1,1
1,52,3,39215,601,28,0.28,100000,0,1,0,0.213,0,0
0,38,3,39239,655,15,0.37,150000,2,0,1,0.136,0,1
1,30,4,53105,618,8,0.06,250000,0,1,0,0.253,1,1
0,31,4,53105,772,7,0.21,50000,0,1,0,0.334,0,1
0,29,2,27759,678,6,0.16,150000,0,0,0,0.121,0,0
0,42,2,27488,664,20,0.26,200000,0,0,1,0.128,0,1
1,34,2,24707,701,10,0.23,50000,4,0,1,0.106,1,1
1,26,3,38181,766,3,0.21,50000,3,0,1,0.18,1,1
0,27,2,25780,691,3,0.3,150000,1,1,0,0.204,0,0
0,51,3,38523,752,29,0.36,100000,2,0,1,0.202,0,1
0,52,1,20000,653,28,0.44,100000,2,0,1,0.272,0,0
1,38,1,20000,617,15,0.2,100000,3,0,1,0.231,0,0
0,32,2,24857,692,10,0.12,100000,3,0,0,0.195,0,1
0,41,1,20000,631,17,0.29,150000,0,0,0,0.203,0,0
0,30,3,40654,727,7,0.36,200000,1,0,1,0.207,0,1
0,23,1,20000,647,0,0.31,200000,2,0,1,0.195,0,0
0,58,1,20000,665,36,0.36,150000,4,1,0,0.146,0,0
0,22,1,20000,546,0,0.23,300000,2,0,1,0.104,0,0
1,25,3,37918,683,1,0.21,250000,3,0,0,0.211,1,1
1,57,3,40489,676,34,0.26,300000,3,0,0,0.16,1,1
1,46,1,20000,733,24,0.23,150000,2,0,1,0.242,1,1
1,24,3,40214,737,1,0.3,250000,3,0,0,0.206,1,1
1,30,2,24608,681,6,0.32,200000,1,1,0,0.201,0,0
1,43,2,24308,590,21,0.32,100000,1,0,0,0.279,0,0
1,44,3,39448,665,20,0.29,50000,2,0,1,0.088,1,1
1,33,1,20000,734,9,0.27,200000,0,0,0,0.342,0,0
0,31,3,37211,679,9,0.31,100000,1,0,0,0.025,0,1
0,55,1,20000,611,31,0.11,100000,2,0,1,0.316,0,0
1,64,4,50184,763,41,0.26,150000,1,0,0,0.216,1,1
0,31,1,20000,580,9,0.25,200000,4,0,0,0.158,0,0
1,51,2,25387,673,28,0.26,250000,4,1,1,0.082,0,0
1,43,4,51239,730,19,0.24,150000,1,0,0,0.152,1,1
1,27,1,20000,676,5,0.28,200000,1,0,0,0.187,0,0
1,23,2,24238,611,0,0.21,100000,2,0,1,0.216,0,0
0,51,2,25828,628,28,0.33,200000,1,0,1,0.316,0,1
0,23,2,25414,641,0,0.28,150000,0,0,0,0.206,0,0
1,53,2,24519,723,30,0.26,250000,2,0,1,0.226,1,1
1,63,1,20000,679,40,0.2,150000,2,0,1,0.228,1,1
1,37,3,40907,668,13,0.31,150000,0,1,1,0.174,1,1
1,33,2,24276,702,9,0.26,150000,3,0,1,0.185,1,1
1,22,3,38005,648,0,0.2,200000,2,0,0,0.191,0,0
1,29,2,26249,720,5,0.25,300000,0,0,0,0.25,1,1
0,34,2,24213,704,10,0.29,100000,2,0,1,0.127,0,1
0,36,2,24605,667,12,0.29,150000,0,0,1,0.159,0,0
1,65,2,24477,671,41,0.28,200000,0,0,1,0.229,1,1
0,29,2,24507,661,6,0.26,250000,3,0,0,0.114,0,0
1,31,2,25098,734,7,0.32,150000,4,1,0,0.209,0,0
1,26,2,26716,691,3,0.34,50000,0,0,1,0.156,0,0
1,40,1,20000,658,18,0.3,150000,4,0,1,0.24,0,0
0,59,2,25977,626,35,0.21,150000,0,0,0,0.31,0,1
0,32,1,20000,702,9,0.18,150000,0,0,1,0.156,0,0
0,64,3,40661,719,42,0.21,100000,0,0,1,0.261,1,1
1,41,2,26369,651,19,0.39,50000,0,1,0,0.216,0,0
0,41,2,25717,656,18,0.27,200000,1,0,0,0.169,0,0
1,42,2,24460,673,19,0.4,300000,4,1,0,0.201,0,0
0,39,2,26754,616,16,0.24,250000,0,0,1,0.304,0,0
1,31,2,24669,684,7,0.23,200000,1,0,0,0.186,0,0
1,55,4,53217,609,33,0.24,250000,2,0,1,0.305,1,1
0,47,3,39101,619,23,0.24,100000,1,0,1,0.19,0,1
0,51,3,40427,661,27,0.2,200000,2,0,0,0.087,0,1
1,30,3,39324,655,6,0.17,50000,1,1,0,0.188,0,0
0,52,2,25844,704,30,0.29,200000,0,1,1,0.081,0,1
1,63,1,20000,685,41,0.32,300000,2,0,1,0.175,1,1
0,25,3,37399,765,3,0.42,250000,0,0,0,0.172,0,1
0,27,1,20000,675,4,0.22,150000,0,0,0,0.345,0,0
0,35,2,26563,691,11,0.23,200000,1,1,1,0.329,0,0
0,25,3,38522,626,2,0.2,300000,1,0,1,0.207,0,1
1,47,3,38334,626,24,0.33,100000,2,0,0,0.297,1,1
1,60,2,25294,683,36,0.31,200000,1,0,1,0.168,1,1
0,38,2,26623,684,16,0.19,100000,2,0,1,0.086,0,1
1,40,3,38472,705,16,0.19,250000,2,0,0,0.242,1,1
1,27,3,39159,759,4,0.32,50000,1,0,1,0.229,1,1
1,50,3,37238,628,28,0.28,100000,4,1,1,0.125,1,1
1,32,4,53215,792,10,0.3,200000,4,0,0,0.129,1,1
0,37,1,20000,588,14,0.19,100000,2,0,1,0.275,0,0
1,51,2,25043,700,29,0.12,100000,0,0,1,0.065,1,1
0,46,2,27647,611,24,0.19,150000,1,0,1,0.245,0,0
1,61,1,20000,709,37,0.3,250000,0,1,0,0.175,0,0
1,32,4,51616,618,8,0.4,100000,1,0,1,0.245,1,1
1,28,4,52244,549,5,0.22,250000,0,0,0,0.279,0,0
1,47,1,20000,678,24,0.41,200000,2,0,0,0.13,0,0
1,43,1,20000,663,20,0.31,150000,0,0,0,0.109,0,0
0,46,2,25721,740,24,0.15,200000,4,0,1,0.317,0,1
1,40,3,40750,694,17,0.26,50000,0,0,0,0.195,1,1
0,52,2,25740,639,28,0.31,150000,2,0,1,0.226,0,1
1,47,1,20000,640,25,0.08,100000,3,0,0,0.273,0,0
1,63,1,20000,846,40,0.3,100000,0,1,1,0.123,1,1
0,62,2,26653,631,40,0.33,150000,4,0,0,0.272,0,1
1,57,4,51272,728,35,0.28,150000,1,0,0,0.251,1,1
1,44,2,27139,702,22,0.25,200000,4,0,1,0.318,1,1
1,34,2,26902,710,11,0.24,150000,4,1,0,0.316,0,0
1,46,1,20000,695,24,0.23,250000,0,1,1,0.205,0,0
0,23,2,26878,665,1,0.17,100000,3,0,1,0.26,0,0
1,23,3,38535,593,1,0.2,50000,0,0,1,0.204,0,0
0,37,2,26644,688,13,0.22,150000,0,0,1,0.212,0,1
0,30,2,27461,679,7,0.26,50000,0,1,1,0.11,0,0
1,49,3,37535,696,25,0.21,200000,0,0,1,0.182,1,1
0,34,1,20000,701,12,0.19,150000,2,1,0,0.056,0,0
1,56,3,37948,667,34,0.3,150000,1,0,0,0.189,1,1
0,62,2,24862,645,38,0.28,150000,2,0,0,0.306,0,1
1,34,2,26642,729,12,0.21,150000,1,0,0,0.262,1,1
0,52,3,40941,671,28,0.29,150000,4,1,0,0.209,0,1
1,42,3,38021,662,20,0.22,50000,0,0,0,0.184,1,1
1,53,2,26507,648,31,0.25,50000,0,0,0,0.157,1,1
0,55,1,20000,702,33,0.32,150000,2,1,0,0.127,0,0
0,29,2,24433,668,7,0.21,100000,3,0,1,0.265,0,0
1,62,2,25403,801,39,0.17,200000,2,0,0,0.077,1,1
1,23,2,27723,683,0,0.24,100000,1,0,1,0.075,0,0
0,59,3,40511,623,36,0.15,50000,0,0,1,0.272,0,1
0,53,1,20000,645,29,0.23,100000,0,0,0,0.217,0,0
0,61,2,24782,716,37,0.23,150000,1,0,0,0.204,0,1
0,49,2,27410,646,25,0.08,50000,1,0,1,0.217,0,1
0,58,2,24987,679,34,0.29,100000,1,0,1,0.361,0,1
0,62,3,40495,743,39,0.24,100000,2,0,0,0.204,0,1
1,22,2,24168,742,0,0.33,100000,2,1,0,0.223,0,0
1,62,2,24708,651,38,0.27,200000,2,0,0,0.365,1,1
0,31,4,50964,685,7,0.3,250000,0,0,1,0.195,0,1
0,25,2,27333,685,3,0.33,100000,2,1,1,0.338,0,0
1,56,2,26774,753,32,0.24,100000,0,0,1,0.031,1,1
1,31,2,25602,619,9,0.25,200000,0,1,1,0.107,0,0
0,32,4,50228,719,8,0.14,200000,2,0,1,0.147,0,1
1,35,4,51184,703,11,0.34,300000,2,0,0,0.247,1,1
1,59,2,24426,630,37,0.24,50000,2,0,1,0.342,1,1
1,33,1,20000,738,9,0.18,150000,0,1,0,0.153,0,0
1,38,4,52196,754,16,0.3,200000,3,0,0,0.278,1,1
1,37,2,26899,764,13,0.1,250000,0,0,0,0.379,1,1
1,56,2,26752,744,32,0.22,50000,3,0,1,0.325,1,1
1,23,3,40814,690,1,0.31,200000,1,1,1,0.168,0,0
0,32,2,24110,714,9,0.22,100000,0,0,1,0.269,0,1
1,62,1,20000,688,40,0.2,50000,0,0,0,0.227,1,1
0,24,3,38244,640,1,0.22,150000,0,0,0,0.147,0,0
0,50,2,25927,608,28,0.11,100000,1,0,0,0.234,0,0
1,39,2,24063,700,16,0.3,200000,4,0,0,0.162,1,1
0,41,2,26685,685,17,0.24,200000,1,0,0,0.21,0,1
1,35,2,27801,661,12,0.23,250000,2,0,0,0.09,0,0
0,55,2,27867,674,31,0.23,150000,3,0,1,0.059,0,1
1,52,2,25377,777,30,0.25,50000,2,0,1,0.177,1,1
0,61,3,40545,570,38,0.3,100000,1,1,0,0.225,0,0
0,63,4,50908,735,39,0.25,150000,4,0,1,0.11,1,1
1,39,2,25771,726,17,0.15,200000,0,0,0,0.242,1,1
1,51,3,38508,743,28,0.29,150000,1,0,0,0.203,1,1
0,46,3,37012,614,22,0.28,150000,2,0,1,0.252,0,1
0,40,3,39981,673,17,0.26,150000,0,0,1,0.276,0,1
1,29,2,25176,661,6,0.33,100000,2,0,0,0.307,0,0
0,49,3,37238,706,25,0.25,200000,0,0,1,0.248,0,1
1,29,2,27261,617,5,0.33,150000,0,0,1,0.176,0,0
0,52,1,20000,690,30,0.35,200000,0,1,1,0.215,0,0
1,24,2,25109,631,0,0.29,200000,4,0,1,0.386,0,0
0,24,3,40092,673,0,0.2,50000,3,0,0,0.279,0,1
1,65,1,20000,743,42,0.24,150000,0,0,1,0.206,1,1
1,43,1,20000,716,19,0.34,200000,0,0,1,0.188,1,1
1,38,3,38181,696,15,0.15,50000,1,0,1,0.152,1,1
1,57,4,53018,623,34,0.22,200000,2,0,0,0.105,1,1
1,38,3,40011,708,14,0.23,100000,3,0,0,0.337,1,1
1,35,2,25504,701,11,0.19,150000,4,0,1,0.238,1,1
0,30,1,20000,554,6,0.31,300000,2,0,0,0.098,0,0
1,51,3,37075,709,27,0.28,150000,2,0,1,0.19,1,1
1,42,1,20000,610,20,0.2,150000,0,0,0,0.302,0,0
1,33,3,38439,608,10,0.29,50000,0,0,0,0.164,0,0
1,58,2,27274,618,36,0.24,100000,2,0,0,0.135,0,0
1,53,4,51252,581,31,0.19,150000,1,0,1,0.229,1,1
1,32,2,26199,657,9,0.2,150000,3,1,0,0.253,0,0
1,41,2,27846,624,19,0.28,150000,1,0,0,0.164,0,0
1,56,3,37071,752,32,0.32,250000,0,0,0,0.152,1,1
1,32,2,24224,660,8,0.22,100000,1,0,0,0.237,0,0
0,29,2,26520,640,5,0.29,150000,4,0,1,0.11,0,0
1,25,3,40968,602,1,0.36,150000,2,0,0,0.157,0,0
1,48,2,27714,656,25,0.16,150000,0,0,0,0.19,1,1
0,65,2,26407,754,41,0.27,150000,3,0,0,0.259,0,1
1,61,2,26587,765,38,0.31,100000,1,0,1,0.166,1,1
0,59,1,20000,649,36,0.24,250000,1,0,0,0.245,0,0
1,51,1,20000,666,28,0.34,150000,1,0,1,0.293,0,0
0,65,3,40117,728,42,0.4,150000,2,0,0,0.159,0,1
0,48,3,39048,633,26,0.27,200000,1,0,0,0.458,0,1
1,42,2,24677,700,20,0.23,50000,2,0,1,0.314,1,1
0,41,2,27316,810,17,0.32,200000,2,0,1,0.222,0,1
1,25,4,53290,742,2,0.31,150000,0,0,0,0.185,1,1
1,32,4,53685,740,8,0.07,200000,0,0,1,0.156,1,1
0,34,2,24290,753,10,0.25,200000,3,0,1,0.333,0,1
0,30,3,38481,739,6,0.22,250000,2,0,1,0.217,0,1
1,25,3,39251,676,1,0.28,150000,1,0,1,0.085,1,1
1,33,2,25225,615,10,0.24,200000,0,0,1,0.063,0,0
1,30,1,20000,662,7,0.24,100000,0,0,1,0.209,0,0
1,34,1,20000,616,12,0.19,200000,1,0,1,0.211,0,0
0,47,3,38815,674,24,0.3,50000,0,0,1,0.127,0,1
1,59,3,37510,642,36,0.37,50000,1,0,1,0.079,1,1
1,63,3,37923,668,39,0.19,50000,3,0,1,0.043,1,1
1,34,1,20000,588,11,0.15,100000,0,0,0,0.139,0,0
1,60,3,40052,651,36,0.25,50000,3,0,1,0.171,1,1
1,49,3,37015,712,26,0.25,200000,2,1,1,0.255,1,1
0,40,3,40596,726,18,0.33,100000,0,0,0,0.19,0,1
0,45,1,20000,694,21,0.16,200000,2,0,1,0.285,0,1
0,40,3,37355,669,17,0.21,50000,0,0,1,0.248,0,1
1,34,1,20000,676,11,0.1,100000,2,0,0,0.241,0,0
0,34,3,39646,796,10,0.35,150000,0,1,1,0.278,0,1
0,49,3,38101,650,27,0.27,150000,1,0,0,0.089,0,1
0,23,1,20000,758,1,0.22,100000,2,0,1,0.157,0,1
1,31,3,38090,610,8,0.16,300000,0,0,1,0.392,1,1
1,43,1,20000,576,20,0.16,100000,0,0,1,0.048,0,0
1,34,3,38746,681,11,0.28,200000,1,0,1,0.176,1,1
1,30,2,24213,677,6,0.17,100000,1,0,1,0.238,1,1
1,54,3,38720,627,30,0.26,250000,3,0,1,0.05,1,1
1,35,4,50448,681,11,0.39,150000,0,1,0,0.14,1,1
1,41,2,27012,702,18,0.23,250000,1,0,1,0.36,1,1
0,36,2,27504,626,14,0.18,150000,1,0,1,0.214,0,0
1,53,2,25568,735,29,0.28,50000,0,1,0,0.154,1,1
1,54,1,20000,731,32,0.16,150000,2,0,0,0.217,1,1
0,38,2,26834,748,15,0.37,150000,0,0,1,0.154,0,1
0,45,3,40491,640,21,0.35,50000,2,0,1,0.337,0,1
0,51,4,52546,657,27,0.24,100000,1,0,1,0.121,0,1
0,34,3,37709,680,10,0.19,200000,0,0,0,0.158,0,1
1,37,2,24379,665,14,0.22,50000,2,0,1,0.081,1,1
0,23,3,40214,672,0,0.23,150000,2,0,1,0.176,0,1
1,38,3,39787,731,15,0.28,150000,1,0,1,0.186,1,1
1,53,2,26679,713,31,0.32,200000,0,1,1,0.296,1,1
1,64,1,20000,621,42,0.18,50000,0,0,0,0.119,0,0
1,29,2,25047,617,5,0.32,150000,1,0,1,0.239,0,0
1,24,3,37538,621,0,0.29,50000,0,0,0,0.207,0,0
0,33,2,26992,631,10,0.21,100000,2,0,1,0.049,0,0
0,41,3,40146,736,18,0.17,150000,2,0,1,0.142,0,1
0,37,1,20000,677,14,0.26,250000,3,0,1,0.139,0,0
1,35,4,50534,750,11,0.18,100000,2,0,0,0.335,1,1
0,37,2,24672,586,14,0.32,100000,2,1,1,0.244,0,0
0,64,3,38064,705,42,0.17,200000,2,1,0,0.212,0,1
1,54,1,20000,684,32,0.29,150000,4,1,0,0.02,0,0
0,51,1,20000,736,27,0.24,200000,0,0,0,0.047,0,1
1,33,3,37567,667,9,0.21,300000,0,0,1,0.258,1,1
1,36,4,51436,673,14,0.24,300000,0,1,1,0.263,1,1
0,39,2,24414,762,16,0.33,150000,1,0,1,0.141,0,1
1,49,1,20000,660,25,0.17,150000,0,0,1,0.202,0,0
1,44,2,24609,689,20,0.22,250000,0,0,0,0.197,1,1
0,35,1,20000,696,11,0.2,50000,1,1,1,0.214,0,0
0,51,1,20000,578,29,0.25,150000,4,0,1,0.17,0,0
1,54,3,38797,692,30,0.2,150000,4,0,1,0.265,1,1
1,36,4,52483,631,14,0.13,100000,2,0,0,0.288,1,1
1,28,1,20000,665,6,0.18,300000,1,0,1,0.123,0,0
0,36,2,24704,663,13,0.36,200000,3,0,0,0.104,0,0
1,63,2,26286,652,40,0.27,150000,3,0,1,0.136,1,1
1,59,1,20000,704,36,0.26,250000,3,0,0,0.204,1,1
0,65,2,24733,685,41,0.23,150000,2,0,1,0.228,0,1
1,32,2,27779,621,10,0.25,250000,0,0,0,0.263,0,0
1,50,1,20000,609,26,0.22,100000,0,0,0,0.278,0,0
1,52,2,26057,726,30,0.29,100000,3,0,0,0.229,1,1
0,46,1,20000,667,22,0.26,100000,0,0,0,0.218,0,0
1,45,2,25860,601,23,0.17,150000,0,0,1,0.332,0,0
1,40,1,20000,647,17,0.27,100000,1,0,0,0.2,0,0
0,23,4,53652,691,0,0.08,100000,0,0,1,0.247,0,1
1,43,3,40516,622,19,0.28,300000,3,1,1,0.226,0,0
1,41,3,39186,654,19,0.15,250000,0,0,0,0.186,1,1
1,54,2,25890,730,31,0.24,200000,0,0,0,0.187,1,1
1,29,2,24730,816,7,0.17,250000,4,1,1,0.306,1,1
1,46,2,24195,696,22,0.25,300000,1,0,1,0.193,1,1
1,30,1,20000,595,7,0.29,200000,3,0,0,0.172,0,0
1,55,3,38638,678,31,0.36,150000,1,0,1,0.141,1,1
1,44,2,27296,686,20,0.14,250000,2,0,1,0.234,1,1
0,26,2,25658,723,4,0.32,150000,0,0,1,0.159,0,1
0,46,2,25125,724,22,0.26,100000,1,0,1,0.227,0,1
0,29,2,24263,755,5,0.22,150000,0,0,1,0.214,0,1
0,37,4,52992,699,15,0.3,150000,4,0,0,0.166,0,1
1,36,2,24919,680,14,0.23,300000,0,0,1,0.088,1,1
0,22,3,37160,586,0,0.3,200000,0,0,0,0.118,0,0
1,43,2,25256,624,20,0.18,250000,3,0,0,0.13,0,0
0,24,4,52538,625,1,0.21,200000,1,0,1,0.12,0,1
0,59,2,25810,633,37,0.32,100000,2,0,1,0.236,0,1
0,35,3,37769,626,11,0.35,200000,2,0,1,0.37,0,1
0,57,1,20000,610,34,0.25,100000,0,0,0,0.159,0,0
0,39,3,40722,749,17,0.05,150000,0,0,1,0.169,0,1
1,62,2,24226,574,40,0.24,200000,4,1,0,0.153,0,0
1,39,2,24272,669,17,0.25,150000,0,0,0,0.269,0,0
0,24,4,52985,747,0,0.23,250000,1,0,1,0.234,0,1
1,31,4,50316,683,9,0.27,100000,2,1,1,0.199,1,1
0,60,2,25922,752,37,0.22,200000,0,0,1,0.103,0,1
0,22,3,40157,657,0,0.31,100000,2,1,1,0.123,0,0
1,48,1,20000,766,25,0.17,150000,1,0,1,0.214,1,1
0,48,3,38492,603,25,0.34,150000,3,1,0,0.218,0,0
0,32,3,39776,763,9,0.36,150000,0,0,1,0.199,0,1
0,26,2,25894,630,2,0.19,100000,0,0,0,0.253,0,0
0,28,4,51601,779,5,0.19,150000,3,1,1,0.102,0,1
1,40,3,38792,664,18,0.28,200000,1,0,0,0.224,1,1
0,50,2,27718,740,28,0.17,150000,1,1,0,0.22,0,1
0,36,3,40475,760,13,0.22,150000,2,0,1,0.123,0,1
1,56,1,20000,638,34,0.33,150000,2,0,1,0.152,0,0
1,58,3,39422,746,34,0.3,300000,1,0,0,0.255,1,1
0,33,3,38925,688,9,0.39,300000,0,1,0,0.109,0,0
1,51,1,20000,589,29,0.26,150000,2,0,0,0.397,0,0
0,41,3,39915,717,19,0.21,150000,0,0,1,0.244,0,1
0,58,2,26802,624,34,0.25,150000,4,0,0,0.195,0,0
1,24,2,24251,644,1,0.24,50000,0,1,1,0.18,0,0
0,30,2,25556,630,6,0.24,100000,3,0,1,0.263,0,0
0,62,2,26354,700,39,0.25,100000,1,0,1,0.167,0,1
1,60,3,40501,635,38,0.18,100000,0,0,1,0.17,1,1
1,47,2,24674,612,25,0.27,200000,1,0,1,0.316,0,0
1,23,2,26915,622,0,0.15,150000,0,0,0,0.162,0,0
1,44,3,39311,650,21,0.2,100000,0,0,1,0.211,1,1
0,44,1,20000,697,20,0.24,250000,0,0,0,0.139,0,0
1,42,2,27178,729,19,0.09,250000,3,0,1,0.221,1,1
0,37,2,27471,729,15,0.3,250000,0,0,0,0.246,0,1
1,30,3,38602,688,8,0.11,150000,4,0,0,0.335,1,1
1,34,2,27270,676,12,0.3,50000,0,0,1,0.125,1,1
0,49,2,27263,669,26,0.16,50000,2,0,0,0.084,0,1
0,48,2,24513,704,25,0.22,100000,3,0,1,0.179,0,1
1,38,3,39816,751,16,0.29,100000,4,0,0,0.151,1,1
1,59,1,20000,661,36,0.4,250000,0,0,1,0.199,0,0
1,57,4,50000,729,33,0.26,300000,2,0,1,0.242,1,1
1,22,3,39405,621,0,0.11,200000,0,1,0,0.381,0,0
0,39,4,51138,746,16,0.32,200000,1,0,0,0.164,0,1
1,30,2,24902,691,7,0.23,150000,2,0,0,0.023,0,0
1,34,2,25623,623,12,0.25,200000,1,0,0,0.181,0,0
1,61,4,51220,758,38,0.29,300000,1,0,0,0.228,1,1
0,36,1,20000,601,14,0.09,150000,0,1,0,0.122,0,0
0,64,1,20000,544,40,0.25,100000,0,0,0,0.219,0,0
1,65,2,24855,726,42,0.22,100000,0,0,0,0.211,1,1
0,25,4,51017,721,1,0.34,150000,3,0,0,0.221,0,1
1,54,3,38183,623,31,0.3,100000,0,0,1,0.263,1,1
1,45,2,26220,699,22,0.14,250000,2,0,0,0.193,1,1
0,57,3,40616,754,35,0.34,150000,2,1,1,0.244,0,1
0,62,2,27529,694,40,0.28,200000,2,0,1,0.056,0,1
0,31,3,37584,824,8,0.14,50000,2,0,1,0.123,1,1
0,57,2,27504,633,34,0.25,150000,2,0,0,0.173,0,1
1,41,3,39976,567,19,0.32,150000,1,1,1,0.12,0,0
0,62,2,26528,602,38,0.17,200000,1,1,0,0.201,0,0
1,65,2,24454,553,42,0.35,150000,4,1,1,0.173,0,0
0,32,2,24195,797,10,0.14,300000,4,0,1,0.164,0,1
1,33,2,26843,679,10,0.19,200000,2,0,1,0.271,1,1
0,39,3,37598,796,17,0.18,200000,0,0,1,0.207,1,1
1,51,2,25332,660,27,0.35,250000,1,0,1,0.113,1,1
1,65,2,25759,630,42,0.22,300000,1,0,0,0.152,1,1
0,58,2,24555,584,35,0.17,100000,2,0,1,0.26,0,0
1,41,2,26895,658,17,0.28,200000,2,0,0,0.216,0,0
1,46,1,20000,716,23,0.3,100000,1,0,1,0.296,1,1
1,33,2,24438,667,10,0.3,150000,2,0,0,0.268,0,0
1,42,2,26697,592,19,0.23,50000,0,0,0,0.169,0,0
1,46,2,27853,715,24,0.27,200000,2,0,1,0.315,1,1
1,32,2,24358,726,10,0.2,150000,0,0,0,0.321,1,1
0,30,4,53107,670,7,0.37,200000,2,0,1,0.057,0,1
1,46,3,38057,653,22,0.33,200000,0,0,1,0.203,1,1
0,56,2,25111,585,32,0.33,150000,0,0,1,0.156,0,0
0,53,3,39705,724,30,0.31,100000,0,0,0,0.179,0,1
1,35,3,39063,664,13,0.29,250000,3,0,1,0.135,1,1
0,22,2,26792,532,0,0.16,150000,2,0,1,0.125,0,0
1,38,3,37420,608,15,0.29,150000,1,1,0,0.272,0,0
0,46,1,20000,700,24,0.26,300000,2,0,1,0.107,0,1
1,29,3,39814,671,7,0.34,100000,2,0,0,0.207,1,1
1,26,2,26840,617,2,0.31,150000,2,1,0,0.092,0,0
0,26,2,25149,682,3,0.29,200000,1,0,0,0.302,0,0
0,62,2,25031,633,40,0.13,100000,0,0,1,0.202,0,1
0,56,4,53543,664,34,0.24,150000,0,1,0,0.26,0,1
1,40,3,38491,675,18,0.21,200000,0,0,0,0.216,1,1
0,44,2,24879,772,21,0.27,100000,2,0,1,0.18,0,1
1,30,1,20000,762,7,0.22,150000,0,1,0,0.205,0,0
1,51,2,24851,571,29,0.23,200000,1,0,1,0.321,0,0
1,37,2,24509,676,13,0.28,200000,1,0,0,0.128,0,0
0,54,1,20000,590,30,0.22,200000,0,0,0,0.02,0,0
1,23,2,25859,621,0,0.26,250000,4,0,0,0.137,0,0
1,35,4,53247,597,11,0.14,150000,4,0,1,0.103,1,1
0,22,3,38763,642,0,0.19,200000,0,1,1,0.277,0,0
1,47,2,24965,614,24,0.3,200000,3,0,1,0.186,0,0
1,46,2,25858,736,23,0.16,100000,1,0,1,0.266,1,1
1,37,4,50913,653,13,0.34,300000,2,0,0,0.203,1,1
0,36,3,38390,582,13,0.32,250000,0,0,1,0.201,0,0
1,47,3,38511,689,23,0.23,100000,0,0,1,0.213,1,1
1,65,4,52065,690,41,0.46,200000,3,0,1,0.318,1,1
0,37,3,39103,675,15,0.34,200000,3,1,1,0.215,0,1
0,35,1,20000,703,11,0.18,150000,1,1,1,0.289,0,0
1,50,2,25058,747,26,0.3,250000,3,0,0,0.284,1,1
0,45,4,52949,684,22,0.25,200000,2,0,1,0.187,0,1
0,36,2,26677,694,14,0.2,200000,0,0,0,0.194,0,1
0,40,1,20000,656,18,0.18,100000,1,0,0,0.17,0,0
1,29,2,27837,707,5,0.32,150000,0,0,0,0.303,0,0
0,55,3,40796,609,32,0.21,150000,2,0,0,0.125,0,1
1,23,4,51596,733,0,0.24,200000,4,0,0,0.142,1,1
1,48,2,27671,695,25,0.19,150000,1,0,1,0.178,1,1
1,31,2,25806,627,9,0.2,50000,2,1,0,0.108,0,0
1,56,3,37346,811,34,0.24,100000,2,0,1,0.153,1,1
1,44,2,25055,605,20,0.28,150000,0,0,0,0.291,0,0
0,29,1,20000,688,5,0.07,200000,1,0,0,0.252,0,0
1,49,4,51023,647,26,0.25,200000,1,0,0,0.166,1,1
1,44,2,27204,711,20,0.2,150000,2,0,1,0.264,1,1
1,25,2,24575,789,2,0.35,50000,3,0,0,0.367,1,1
1,35,3,37198,732,13,0.46,100000,0,0,1,0.225,1,1
0,63,1,20000,663,39,0.22,100000,1,0,1,0.314,0,1
1,50,4,51365,751,27,0.13,200000,2,1,0,0.268,1,1
1,22,2,27738,647,0,0.26,100000,0,0,0,0.176,0,0
1,25,2,25998,706,2,0.24,150000,1,0,0,0.216,0,0
1,53,1,20000,674,29,0.39,200000,0,0,1,0.242,0,0
1,54,2,26348,613,31,0.37,300000,1,0,1,0.14,0,0
0,47,3,38016,783,25,0.31,300000,2,0,1,0.02,1,1
0,38,3,40618,758,14,0.21,300000,0,0,0,0.133,0,1
1,60,4,50025,652,38,0.3,200000,3,0,1,0.027,1,1
0,44,2,25558,736,20,0.27,200000,1,0,0,0.14,0,1
0,53,3,40724,625,30,0.27,200000,0,0,0,0.063,0,1
0,36,2,27545,705,14,0.14,250000,1,0,1,0.27,0,1
1,34,3,40458,692,12,0.32,300000,3,0,0,0.105,1,1
1,23,3,40356,782,0,0.26,150000,0,1,1,0.244,1,1
1,40,2,26497,698,18,0.24,150000,1,0,1,0.261,1,1
0,45,2,26367,595,23,0.21,150000,2,0,0,0.256,0,0
0,45,2,26203,736,23,0.19,200000,1,0,0,0.051,0,1
1,32,2,24470,655,10,0.27,200000,0,0,1,0.29,0,0
1,43,4,52467,673,20,0.13,250000,1,0,1,0.234,1,1
0,36,2,27184,681,14,0.31,150000,3,0,1,0.264,0,1
0,31,1,20000,638,9,0.18,150000,4,0,1,0.346,0,0
0,62,1,20000,768,40,0.11,300000,0,0,1,0.264,0,1
0,48,3,40493,734,24,0.38,100000,2,0,0,0.105,0,1
1,30,2,24885,617,6,0.19,100000,0,0,0,0.252,0,0
0,49,2,24929,639,26,0.2,200000,2,0,1,0.08,0,1
0,22,2,25744,607,0,0.33,100000,0,0,1,0.195,0,0
1,38,3,39882,743,15,0.38,150000,0,0,1,0.16,1,1
1,52,2,24875,676,30,0.14,100000,2,0,0,0.201,1,1
0,65,3,37941,636,41,0.18,100000,0,1,1,0.079,0,1
1,31,2,27041,766,7,0.19,150000,1,0,1,0.088,1,1
0,58,2,27669,707,35,0.32,150000,4,0,0,0.164,0,1
0,50,1,20000,680,26,0.36,150000,4,0,1,0.182,0,0
0,39,1,20000,677,16,0.17,100000,0,0,1,0.166,0,0
1,59,2,24053,605,37,0.35,200000,2,1,0,0.316,0,0
1,60,2,24604,710,36,0.2,100000,2,1,1,0.234,1,1
0,27,3,37324,666,5,0.27,150000,1,0,0,0.232,0,1
1,61,1,20000,717,39,0.16,100000,4,1,0,0.169,0,0
0,33,1,20000,705,9,0.24,150000,2,0,1,0.089,0,0
0,35,3,37884,686,12,0.24,150000,2,0,0,0.2,0,1
1,65,2,24264,672,41,0.23,150000,0,0,1,0.345,1,1
1,31,3,37381,781,9,0.28,300000,1,0,1,0.218,1,1
1,41,3,38236,616,18,0.18,250000,1,1,1,0.289,0,0
1,36,2,26380,648,14,0.19,150000,0,0,1,0.299,1,1
0,52,3,40081,752,29,0.28,50000,0,0,1,0.245,0,1
0,28,2,25381,761,4,0.34,150000,0,1,0,0.218,0,0
0,62,2,26250,672,40,0.25,50000,0,0,1,0.121,0,1
0,31,2,27779,641,8,0.29,200000,0,0,0,0.183,0,0
1,31,2,26105,642,8,0.3,150000,0,0,1,0.171,0,0
0,60,2,25517,601,36,0.31,250000,0,0,0,0.226,0,0
0,49,2,25533,790,26,0.18,300000,1,0,1,0.087,0,1
0,51,2,25791,671,28,0.2,150000,1,0,0,0.157,0,1
0,58,1,20000,695,36,0.2,150000,1,0,0,0.232,0,1
1,24,1,20000,696,0,0.39,150000,3,0,1,0.144,0,0
0,64,1,20000,751,40,0.29,100000,2,0,0,0.127,0,1
1,36,1,20000,646,14,0.28,250000,2,1,1,0.137,0,0
1,42,2,27945,660,20,0.28,150000,4,0,1,0.178,1,1
1,58,2,24546,725,36,0.16,100000,0,0,0,0.02,1,1
0,33,1,20000,571,10,0.39,200000,1,0,1,0.14,0,0
0,25,4,52150,781,1,0.28,100000,1,0,0,0.276,0,1
0,30,3,40232,785,6,0.3,100000,1,0,1,0.226,0,1
0,60,2,25223,693,36,0.13,150000,0,0,1,0.234,0,1
0,63,3,40231,638,40,0.3,200000,3,0,0,0.054,0,1
0,49,2,27766,726,25,0.23,150000,0,1,0,0.167,0,1
1,44,1,20000,659,20,0.16,200000,4,0,1,0.191,0,0
1,61,4,53207,707,37,0.18,50000,2,0,1,0.237,1,1
1,65,1,20000,682,41,0.16,150000,2,0,1,0.289,1,1
0,43,4,50397,663,21,0.16,150000,0,0,0,0.276,0,1
0,45,2,25761,699,22,0.25,300000,1,0,1,0.153,0,1
1,47,2,24391,599,23,0.22,50000,0,0,0,0.155,0,0
1,51,2,27826,559,27,0.27,100000,0,0,1,0.313,0,0
0,54,2,26153,700,30,0.37,300000,3,0,0,0.171,0,1
1,37,1,20000,727,13,0.24,300000,1,1,0,0.113,0,0
0,43,2,25612,651,19,0.09,250000,1,1,1,0.183,0,0
0,64,3,38077,658,42,0.23,50000,3,1,0,0.308,0,1
1,39,2,25300,715,17,0.33,150000,0,0,1,0.128,1,1
1,28,2,26158,678,5,0.24,150000,2,0,1,0.166,0,0
0,47,2,26271,648,24,0.36,200000,2,0,1,0.131,0,1
0,29,3,39122,706,5,0.28,50000,1,0,0,0.277,0,1
1,27,2,26553,680,3,0.12,100000,3,0,0,0.223,0,0
0,51,2,27085,611,29,0.26,150000,4,0,1,0.274,0,1
1,60,4,52817,694,37,0.27,100000,1,0,0,0.325,1,1
1,44,2,26529,690,20,0.33,200000,1,0,0,0.079,1,1
0,53,2,27260,650,29,0.38,250000,1,0,1,0.139,0,1
0,43,3,37363,740,19,0.31,200000,2,0,1,0.165,0,1
1,63,3,39286,716,40,0.28,150000,2,0,0,0.206,1,1
0,64,2,25424,664,42,0.3,250000,0,0,1,0.24,0,1
0,30,1,20000,677,8,0.24,100000,0,1,1,0.161,0,0
1,52,3,40032,669,28,0.15,100000,4,0,1,0.145,1,1
1,28,2,25327,667,4,0.25,150000,0,0,0,0.277,0,0
0,30,4,53162,689,6,0.28,50000,2,1,0,0.244,0,1
1,34,1,20000,572,10,0.17,50000,3,0,1,0.225,0,0
1,24,2,27255,681,0,0.34,150000,1,1,1,0.028,0,0
1,56,1,20000,687,33,0.32,300000,2,0,0,0.297,0,0
0,54,3,40012,825,32,0.15,250000,0,0,1,0.215,1,1
0,42,4,52059,724,19,0.35,150000,4,0,0,0.187,0,1
0,52,3,40237,654,29,0.23,100000,0,0,1,0.134,0,1
1,55,4,52046,609,31,0.2,100000,1,0,1,0.149,1,1
0,53,1,20000,611,30,0.33,150000,1,0,1,0.129,0,0
0,56,1,20000,642,34,0.25,100000,2,0,1,0.04,0,0
0,36,3,38572,663,12,0.38,50000,0,0,0,0.135,0,1
0,53,3,40653,676,31,0.19,200000,1,0,0,0.072,0,1
1,27,3,39216,667,4,0.13,150000,0,0,0,0.195,1,1
0,42,3,39894,677,18,0.23,100000,1,0,0,0.108,0,1
1,54,2,26217,656,32,0.31,200000,2,0,0,0.258,1,1
1,53,2,26032,681,31,0.19,200000,0,0,1,0.067,1,1
1,40,4,50764,650,16,0.16,150000,2,0,0,0.296,1,1
1,54,2,25369,610,32,0.27,50000,3,1,1,0.267,0,0
1,49,2,24498,666,25,0.15,250000,3,0,0,0.115,1,1
0,52,3,40531,713,28,0.27,200000,2,0,1,0.192,0,1
1,42,2,27368,618,19,0.23,100000,1,0,1,0.132,0,0
0,55,3,38966,658,33,0.28,150000,1,0,0,0.246,0,1
1,36,1,20000,661,12,0.15,150000,4,0,1,0.344,0,0
1,35,3,39944,680,12,0.34,200000,3,0,1,0.294,1,1
0,40,3,40856,731,17,0.24,150000,1,0,0,0.145,0,1
1,64,2,25760,731,40,0.3,150000,4,1,1,0.209,1,1
1,36,2,27766,692,12,0.32,200000,3,0,0,0.322,1,1
0,27,2,27804,746,5,0.17,150000,3,0,0,0.242,0,1
1,30,2,27124,659,8,0.31,50000,2,0,1,0.281,0,0
1,58,2,24117,726,36,0.15,50000,3,0,0,0.252,1,1
1,41,2,24364,646,17,0.15,100000,3,0,0,0.206,0,0
0,55,2,27742,696,32,0.39,150000,0,0,1,0.194,0,1
0,59,1,20000,705,36,0.33,100000,4,1,1,0.103,0,0
0,47,1,20000,673,23,0.4,200000,1,0,1,0.139,0,0
0,39,3,40485,636,17,0.22,100000,1,0,1,0.128,0,1
1,49,1,20000,578,26,0.26,200000,2,0,1,0.172,0,0
1,30,3,38871,720,7,0.29,200000,2,0,0,0.208,1,1
0,53,3,39604,674,31,0.25,100000,3,0,1,0.191,0,1
1,27,3,37017,678,4,0.2,200000,1,0,0,0.217,1,1
1,35,3,38890,772,13,0.19,300000,1,0,1,0.253,1,1
1,49,1,20000,617,26,0.26,100000,0,1,1,0.167,0,0
1,45,3,37204,730,22,0.18,250000,1,0,1,0.259,1,1
0,34,2,24498,639,11,0.17,150000,2,1,1,0.291,0,0
1,64,4,52371,690,42,0.28,150000,1,0,1,0.233,1,1
1,33,4,50594,640,10,0.24,50000,1,0,1,0.156,1,1
1,40,1,20000,629,17,0.32,200000,0,0,1,0.276,0,0
0,42,2,25304,702,19,0.22,150000,2,1,1,0.239,0,0
1,48,2,27237,751,24,0.21,200000,0,0,0,0.25,1,1
1,40,3,40314,713,17,0.28,200000,2,0,1,0.323,1,1
0,45,2,27960,696,22,0.19,150000,1,0,0,0.257,0,1
0,47,2,26526,820,25,0.2,100000,0,0,1,0.326,0,1
1,49,2,26211,710,27,0.21,100000,3,1,0,0.188,0,0
1,39,2,26371,628,15,0.24,100000,1,0,1,0.165,0,0
1,65,4,53639,607,43,0.37,250000,2,0,0,0.292,1,1
1,57,3,39598,710,35,0.15,100000,2,1,0,0.121,1,1
1,63,2,26878,602,41,0.34,150000,2,0,1,0.351,1,1
1,50,1,20000,614,26,0.3,100000,2,1,0,0.304,0,0
1,38,1,20000,686,14,0.36,250000,2,0,1,0.207,0,0
1,25,2,26681,737,2,0.47,150000,2,0,1,0.296,1,1
0,65,3,39806,674,42,0.35,300000,1,0,0,0.253,0,1
0,50,2,27769,613,28,0.31,200000,0,0,1,0.097,0,0
0,25,2,26255,671,2,0.16,250000,3,0,1,0.135,0,0
1,31,4,50314,685,8,0.17,50000,4,0,1,0.223,1,1
1,46,4,52351,706,22,0.28,100000,1,0,0,0.213,1,1
0,52,2,24900,613,28,0.13,100000,0,0,0,0.305,0,0
1,24,1,20000,623,1,0.29,150000,0,0,1,0.224,0,0
1,23,2,25750,736,0,0.1,200000,2,1,0,0.099,0,0
0,46,3,37803,731,23,0.33,100000,0,1,0,0.156,0,1
0,27,4,53295,764,5,0.23,100000,2,1,0,0.259,0,1
0,47,1,20000,568,23,0.26,150000,4,0,1,0.054,0,0
1,29,1,20000,621,6,0.2,100000,4,0,1,0.087,0,0
1,56,4,51452,754,33,0.12,150000,0,0,0,0.17,1,1
0,48,3,38243,722,26,0.34,50000,4,0,0,0.274,0,1
1,46,4,52322,722,22,0.34,200000,2,0,1,0.183,1,1
0,39,2,25670,660,17,0.23,150000,0,0,0,0.237,0,0
0,22,2,26027,645,0,0.3,200000,1,0,1,0.2,0,0
0,60,1,20000,671,37,0.22,100000,2,0,0,0.189,0,0
1,24,1,20000,645,2,0.27,100000,4,0,0,0.148,0,0
1,25,2,26000,709,3,0.3,200000,0,0,0,0.267,0,0
0,62,2,25089,682,39,0.29,200000,0,0,0,0.1,0,1
0,58,1,20000,616,34,0.34,150000,1,0,1,0.181,0,0
0,36,4,51446,734,13,0.29,200000,4,0,1,0.292,0,1
1,29,1,20000,738,5,0.25,50000,4,0,1,0.139,0,0
1,59,3,39172,762,37,0.2,250000,0,0,1,0.075,1,1
0,40,2,25169,717,18,0.22,200000,1,0,0,0.031,0,1
0,47,3,37614,727,24,0.31,150000,3,0,1,0.253,0,1
0,60,1,20000,606,37,0.14,250000,2,1,1,0.259,0,0
1,31,3,39494,653,8,0.33,100000,4,1,0,0.172,0,0
0,59,1,20000,660,37,0.23,200000,3,0,0,0.098,0,0
0,35,2,26430,712,13,0.19,300000,0,0,0,0.188,0,1
0,62,3,40348,656,38,0.17,100000,2,0,0,0.294,0,1
1,40,1,20000,653,17,0.3,50000,0,0,1,0.098,0,0
1,51,2,24123,710,29,0.25,200000,3,0,1,0.285,1,1
0,26,3,40997,697,2,0.36,50000,2,0,1,0.064,0,1
1,52,4,53338,718,29,0.16,250000,4,0,1,0.109,1,1
1,28,1,20000,627,5,0.21,50000,4,0,0,0.209,0,0
0,40,1,20000,652,16,0.24,200000,0,1,0,0.276,0,0
1,52,1,20000,644,28,0.2,150000,0,0,1,0.318,0,0
0,60,1,20000,669,36,0.25,100000,1,0,0,0.279,0,0
1,45,4,51624,676,23,0.27,250000,3,0,0,0.324,1,1
0,55,2,27970,648,32,0.28,200000,3,0,1,0.215,0,1
0,44,2,25181,686,21,0.36,150000,4,0,0,0.15,0,1
1,61,4,50727,815,37,0.16,100000,2,1,0,0.295,1,1
1,27,2,26943,712,5,0.27,200000,0,0,0,0.309,1,1
1,59,3,40884,592,35,0.2,250000,0,0,0,0.274,1,1
1,62,2,27619,699,40,0.28,200000,0,1,1,0.249,1,1
0,57,2,27670,651,34,0.28,200000,2,0,0,0.311,0,1
0,48,2,25141,628,25,0.18,100000,4,0,0,0.227,0,0
1,32,1,20000,708,10,0.19,250000,1,0,0,0.198,0,0
1,26,2,26741,684,3,0.29,200000,3,0,0,0.258,0,0
1,38,1,20000,806,15,0.25,150000,1,0,1,0.238,1,1
0,28,1,20000,663,4,0.23,150000,1,0,0,0.271,0,0
1,48,2,24358,667,26,0.3,150000,1,0,0,0.189,1,1
0,36,2,27050,745,13,0.3,250000,1,0,1,0.273,0,1
0,34,2,27742,681,11,0.21,200000,3,1,0,0.269,0,0
0,32,2,26844,621,10,0.19,250000,1,0,1,0.217,0,0
1,47,3,37442,641,24,0.16,150000,0,0,0,0.14,1,1
0,43,1,20000,651,21,0.25,200000,3,0,1,0.299,0,0
1,49,2,24972,716,27,0.15,250000,4,0,1,0.103,1,1
1,45,3,37360,759,21,0.26,100000,2,0,1,0.123,1,1
0,50,1,20000,714,28,0.34,150000,0,0,1,0.213,0,1
0,30,3,40190,721,6,0.23,200000,0,1,0,0.02,0,1
1,63,3,37852,750,40,0.21,250000,0,0,1,0.323,1,1
1,25,1,20000,704,3,0.39,50000,0,0,0,0.201,0,0
1,39,1,20000,620,15,0.36,100000,3,0,0,0.323,0,0
1,64,4,51624,687,42,0.2,100000,0,0,0,0.344,1,1
1,37,1,20000,641,14,0.26,100000,1,1,0,0.188,0,0
1,54,3,38611,759,30,0.27,100000,2,0,1,0.308,1,1
1,50,2,25756,627,26,0.26,150000,3,1,0,0.115,0,0
0,60,2,27722,628,36,0.38,250000,0,0,1,0.235,0,1
0,31,1,20000,679,8,0.26,200000,1,1,0,0.162,0,0
0,30,2,25907,786,6,0.27,100000,0,0,1,0.256,0,1
1,52,2,25930,720,29,0.3,250000,0,0,1,0.271,1,1
0,49,3,37240,747,26,0.33,200000,1,0,1,0.187,0,1
0,24,4,53580,639,2,0.32,100000,2,1,1,0.244,0,1
0,35,3,37665,726,12,0.29,150000,0,0,1,0.276,0,1
0,46,2,26612,618,22,0.14,200000,1,0,0,0.215,0,0
0,36,3,38165,730,12,0.22,200000,0,0,0,0.403,0,1
1,23,3,39879,603,0,0.31,150000,4,0,1,0.189,0,0
1,45,4,50975,681,22,0.27,100000,2,0,1,0.332,1,1
0,35,2,26039,567,13,0.31,200000,3,0,0,0.292,0,0
0,28,3,40977,641,6,0.38,100000,0,0,0,0.051,0,0
0,57,2,26078,601,33,0.17,200000,3,0,0,0.319,0,0
1,45,2,24222,715,22,0.33,200000,1,0,0,0.286,1,1
1,48,4,51827,705,24,0.23,100000,0,0,1,0.209,1,1
1,58,1,20000,644,35,0.32,100000,2,0,0,0.23,0,0
0,59,1,20000,676,35,0.25,100000,2,0,1,0.239,0,1
0,51,4,50787,654,27,0.4,100000,4,0,1,0.31,0,1
1,48,1,20000,687,24,0.26,100000,2,0,0,0.167,0,0
1,60,4,50555,695,37,0.21,150000,0,0,0,0.327,1,1
1,36,3,39109,815,14,0.28,150000,1,0,0,0.113,1,1
0,47,1,20000,759,25,0.27,150000,1,0,1,0.059,0,1
0,22,2,24846,731,0,0.33,200000,0,0,0,0.247,0,0
0,25,3,39568,706,3,0.28,200000,2,0,0,0.301,0,1
1,50,2,25094,703,26,0.42,250000,1,0,0,0.186,1,1
0,22,4,52649,768,0,0.24,100000,4,1,0,0.02,0,1
1,64,3,38559,705,41,0.24,150000,2,0,0,0.081,1,1
0,43,2,24139,699,21,0.21,50000,1,0,0,0.235,0,1
1,32,1,20000,638,10,0.26,100000,0,1,0,0.199,0,0
1,31,4,51363,662,7,0.27,200000,0,1,1,0.303,1,1
0,38,2,27959,674,15,0.27,150000,3,0,0,0.206,0,0
0,57,1,20000,526,35,0.25,200000,4,0,1,0.141,0,0
1,47,3,38749,688,24,0.21,150000,1,1,1,0.225,1,1
0,42,3,39575,676,18,0.19,100000,3,0,1,0.281,0,1
1,34,3,37540,738,10,0.22,250000,2,0,0,0.308,1,1
1,30,2,27487,747,6,0.33,50000,4,0,0,0.191,1,1
1,32,3,40538,831,9,0.34,100000,0,0,1,0.205,1,1
1,32,3,39422,721,9,0.24,100000,1,0,1,0.262,1,1
1,27,4,50290,708,4,0.18,300000,1,1,0,0.14,1,1
1,22,4,52090,668,0,0.24,150000,1,0,0,0.259,1,1
1,27,2,27935,622,4,0.4,150000,0,0,1,0.181,0,0
0,34,3,40958,740,10,0.32,200000,1,0,0,0.194,0,1
1,43,4,53124,698,19,0.29,200000,2,0,1,0.2,1,1
0,52,1,20000,693,28,0.32,250000,0,0,1,0.21,0,1
1,43,1,20000,671,21,0.36,150000,2,1,0,0.353,0,0
0,58,3,38255,692,34,0.17,300000,2,0,1,0.162,0,1
1,48,1,20000,682,25,0.22,200000,3,0,0,0.167,0,0
1,35,1,20000,693,11,0.21,150000,1,0,1,0.316,0,0
1,26,1,20000,721,4,0.29,150000,0,0,0,0.236,0,0
1,57,2,24482,612,35,0.26,250000,1,0,0,0.261,0,0
1,53,2,26089,712,31,0.3,200000,0,0,1,0.118,1,1
0,55,2,24332,609,33,0.21,200000,2,0,0,0.22,0,0
0,28,4,51256,738,6,0.35,200000,0,0,1,0.265,0,1
0,63,3,40141,707,40,0.25,150000,1,0,0,0.146,0,1
0,31,3,40950,685,7,0.3,100000,0,0,0,0.25,0,1
1,38,1,20000,667,15,0.33,100000,0,0,0,0.184,0,0
1,51,3,39116,697,28,0.33,150000,4,0,1,0.148,1,1
1,42,3,39100,750,20,0.28,50000,4,0,0,0.281,1,1
1,34,3,37684,745,10,0.31,150000,2,1,1,0.291,1,1
1,22,2,24993,728,0,0.37,200000,0,0,0,0.21,0,0
1,22,2,25797,605,0,0.29,100000,3,0,1,0.236,0,0
1,54,3,40450,721,32,0.2,50000,4,0,1,0.306,1,1
1,59,3,38824,558,36,0.29,250000,3,1,0,0.168,0,0
0,46,3,40534,572,22,0.25,150000,1,0,0,0.228,0,0
0,47,2,26574,741,24,0.09,100000,0,0,1,0.169,0,1
1,34,2,25805,600,10,0.28,200000,0,0,1,0.119,0,0
0,49,3,38702,680,25,0.26,200000,3,1,1,0.168,0,1
0,54,1,20000,747,30,0.33,100000,3,0,1,0.11,0,1
1,58,3,37260,722,34,0.2,150000,1,0,1,0.234,1,1
1,62,4,53571,720,40,0.14,100000,1,0,1,0.138,1,1
1,51,3,40192,687,29,0.26,250000,2,0,1,0.088,1,1
0,29,2,24857,686,6,0.28,150000,3,0,1,0.259,0,1
0,22,2,25263,645,0,0.26,150000,2,0,0,0.254,0,0
1,33,3,38488,663,9,0.25,250000,2,0,1,0.174,1,1
1,26,4,51130,704,3,0.18,50000,0,1,1,0.256,1,1
0,45,2,26030,692,22,0.24,50000,0,0,0,0.136,0,1
1,27,2,24179,671,4,0.23,100000,2,0,1,0.17,0,0
1,46,1,20000,547,22,0.33,50000,3,0,0,0.233,0,0
0,22,3,37354,776,0,0.28,200000,0,0,1,0.283,0,1
0,46,3,37933,741,23,0.23,200000,0,0,1,0.169,0,1
0,22,4,53380,688,0,0.37,100000,2,0,0,0.152,0,1
0,53,2,26774,733,29,0.23,100000,1,0,1,0.279,0,1
0,63,3,37588,670,39,0.29,100000,2,0,0,0.249,0,1
1,63,2,25760,697,41,0.24,300000,2,0,1,0.212,1,1
0,24,2,24604,574,1,0.36,200000,2,0,1,0.294,0,0
1,40,3,39228,704,18,0.26,150000,3,0,0,0.356,1,1
0,64,2,24173,664,40,0.26,100000,0,0,1,0.229,0,1
1,50,2,26401,691,27,0.24,150000,1,1,1,0.153,1,1
0,23,3,37353,784,0,0.26,50000,0,1,0,0.24,0,1
1,30,2,27290,679,8,0.33,300000,3,1,0,0.134,0,0
1,38,1,20000,644,14,0.31,200000,3,1,1,0.299,0,0
1,57,2,25338,655,33,0.25,200000,0,1,1,0.144,0,0
1,38,2,24433,602,15,0.37,150000,0,0,1,0.185,0,0
0,33,4,52952,722,9,0.31,150000,0,1,0,0.133,0,1
0,41,1,20000,699,18,0.22,100000,2,0,1,0.215,0,1
1,24,3,37258,693,1,0.15,100000,0,0,1,0.217,1,1
1,64,1,20000,720,41,0.22,150000,2,0,0,0.259,1,1
1,25,2,26606,731,1,0.28,50000,2,0,1,0.21,1,1
1,38,2,26052,683,16,0.29,50000,2,1,0,0.204,0,0
1,58,3,40645,722,35,0.35,150000,3,0,1,0.154,1,1
0,63,1,20000,789,41,0.17,250000,1,0,1,0.177,0,1
1,36,3,37595,644,14,0.22,250000,3,0,0,0.089,1,1
1,54,2,25668,722,32,0.17,50000,0,0,1,0.311,1,1
1,37,4,50393,704,15,0.16,50000,0,0,1,0.192,1,1
1,32,3,37335,747,10,0.21,150000,1,0,0,0.331,1,1
1,41,3,39110,646,18,0.28,250000,2,0,1,0.19,1,1
0,59,3,40864,701,35,0.3,300000,0,1,1,0.048,0,1
1,45,3,37043,652,23,0.18,250000,2,0,1,0.164,1,1
1,37,3,39200,592,13,0.19,200000,1,0,1,0.2,1,1
1,51,2,27997,757,27,0.13,100000,3,0,0,0.205,1,1
1,55,1,20000,646,32,0.27,50000,1,0,1,0.254,0,0
1,22,3,37853,643,0,0.2,50000,2,0,1,0.214,1,1
0,45,2,27754,648,21,0.37,150000,4,1,0,0.173,0,0
0,45,2,27227,780,21,0.28,50000,2,1,1,0.127,0,1
0,30,2,27549,752,8,0.24,200000,1,0,1,0.167,0,1
1,43,2,24274,667,20,0.21,200000,1,0,1,0.248,1,1
1,33,3,40429,737,10,0.15,50000,2,0,1,0.269,1,1
1,38,1,20000,610,16,0.15,250000,0,1,1,0.146,0,0
0,46,4,53603,728,22,0.21,150000,0,1,1,0.281,0,1
0,49,4,50482,676,26,0.2,250000,1,0,1,0.246,0,1
1,36,4,50213,723,13,0.18,250000,2,0,1,0.129,1,1
1,51,2,26126,604,27,0.28,100000,0,0,0,0.22,0,0
1,48,2,24138,647,24,0.29,150000,0,1,1,0.23,0,0
0,43,4,50949,710,19,0.22,100000,0,0,0,0.115,0,1
0,31,4,50097,709,7,0.39,200000,2,0,1,0.091,0,1
1,52,3,40960,609,30,0.13,150000,2,0,0,0.238,1,1
1,48,2,24663,626,24,0.25,250000,2,0,0,0.164,0,0
0,33,2,26245,703,10,0.23,100000,1,0,0,0.321,0,1
1,52,3,39832,706,28,0.21,200000,3,0,1,0.338,1,1
1,53,2,26203,716,29,0.2,300000,1,0,0,0.238,1,1
1,53,3,38073,700,31,0.25,200000,1,0,1,0.276,1,1
0,62,3,37478,632,40,0.23,50000,4,0,0,0.118,0,1
1,56,3,39275,670,32,0.22,150000,4,0,1,0.093,1,1
1,42,2,27528,709,20,0.16,100000,2,0,0,0.189,1,1
0,31,2,26569,624,9,0.14,50000,4,0,0,0.097,0,0
1,37,4,52196,638,15,0.23,100000,1,0,1,0.225,1,1
1,28,3,38081,673,6,0.22,100000,1,0,0,0.137,1,1
1,25,3,37161,704,1,0.24,200000,1,1,0,0.215,0,0
1,48,3,39910,588,26,0.24,150000,2,0,1,0.186,1,1
0,46,3,38500,676,24,0.21,200000,2,0,0,0.251,0,1
1,52,3,40178,718,29,0.24,50000,1,0,0,0.226,1,1
1,32,2,25450,719,8,0.19,50000,3,1,0,0.168,0,0
0,41,2,24394,624,19,0.36,50000,1,0,0,0.091,0,0
0,57,2,24800,700,34,0.19,100000,0,0,0,0.213,0,1
0,38,1,20000,724,16,0.22,150000,0,0,1,0.061,0,1
1,32,2,24557,713,8,0.2,150000,4,0,0,0.3,1,1
1,51,1,20000,647,28,0.2,300000,3,0,0,0.242,0,0
0,56,4,50445,568,33,0.25,150000,2,1,1,0.267,0,1
1,62,2,27712,691,38,0.24,50000,3,0,0,0.122,1,1
0,59,1,20000,756,36,0.22,100000,3,0,0,0.228,0,1
0,43,1,20000,715,20,0.23,250000,4,0,1,0.147,0,1
0,64,3,40519,731,42,0.2,200000,1,0,0,0.212,0,1
1,48,1,20000,679,25,0.28,200000,2,1,0,0.12,0,0
1,58,2,25272,729,34,0.39,100000,0,0,1,0.193,1,1
0,56,1,20000,686,34,0.19,100000,4,0,1,0.09,0,1
1,25,3,40511,593,2,0.28,50000,4,0,0,0.187,0,0
1,37,4,53328,749,15,0.25,250000,2,1,1,0.068,1,1
0,37,4,53348,652,13,0.3,100000,1,0,0,0.34,0,1
0,42,2,25813,683,19,0.3,200000,1,1,0,0.213,0,0
1,47,3,39485,730,23,0.26,150000,1,0,0,0.2,1,1
1,57,2,24515,638,33,0.25,150000,0,0,1,0.254,1,1
1,40,2,25600,625,17,0.22,100000,1,0,0,0.096,0,0
0,38,2,24946,706,15,0.2,200000,0,0,1,0.138,0,1
0,47,1,20000,608,25,0.24,50000,4,0,1,0.242,0,0
1,43,3,38598,679,19,0.16,300000,1,0,1,0.213,1,1
1,49,2,25678,742,26,0.21,50000,4,0,0,0.142,1,1
0,22,2,24755,769,0,0.33,50000,2,0,1,0.252,0,1
1,65,2,27875,582,42,0.26,100000,0,0,1,0.224,1,1
1,57,2,26844,667,33,0.31,250000,0,0,0,0.24,1,1
0,64,3,40251,759,42,0.35,100000,4,1,0,0.231,0,1
1,58,3,39733,668,34,0.24,150000,2,0,0,0.145,1,1
0,23,3,37324,733,0,0.26,50000,0,0,0,0.194,0,1
1,38,2,27996,727,16,0.23,50000,0,0,0,0.051,1,1
1,61,1,20000,636,39,0.19,150000,2,0,1,0.159,1,1
0,59,2,24686,703,36,0.18,100000,1,0,0,0.18,0,1
1,42,4,51498,726,20,0.31,200000,0,0,0,0.25,1,1
0,30,4,51688,750,6,0.26,200000,2,1,1,0.241,0,1
0,34,3,38999,600,10,0.38,250000,2,1,1,0.14,0,0
1,32,2,26447,751,9,0.32,100000,1,0,1,0.138,1,1
1,37,1,20000,707,13,0.2,150000,4,0,0,0.305,0,0
1,37,2,24216,617,14,0.31,300000,2,0,1,0.176,0,0
1,23,3,39856,682,1,0.23,200000,3,0,0,0.209,1,1
1,63,3,40008,736,39,0.34,50000,0,0,0,0.263,1,1
1,65,4,53524,640,42,0.22,150000,0,0,1,0.194,1,1
1,29,3,38000,639,5,0.18,250000,0,0,1,0.188,1,1
0,64,1,20000,671,42,0.19,150000,1,0,0,0.175,0,1
0,63,1,20000,646,41,0.2,250000,4,0,1,0.159,0,1
0,34,1,20000,683,10,0.19,150000,4,1,1,0.211,0,0
1,38,2,26012,725,16,0.21,50000,2,0,1,0.054,1,1
1,60,2,24239,694,37,0.31,100000,1,0,0,0.171,1,1
0,45,3,40809,689,21,0.38,50000,2,0,1,0.243,0,1
1,24,3,38209,735,0,0.16,100000,2,0,0,0.234,1,1
1,51,2,24047,674,29,0.34,250000,0,0,1,0.313,1,1
0,34,1,20000,628,11,0.22,200000,1,0,0,0.267,0,0
0,40,1,20000,733,16,0.27,200000,2,0,1,0.233,0,1
1,28,3,40228,556,4,0.13,200000,0,0,1,0.202,0,0
1,30,2,25248,683,8,0.29,150000,0,0,0,0.163,0,0
0,40,2,25167,660,18,0.11,100000,0,0,1,0.24,0,1
0,61,3,40490,639,38,0.27,250000,2,0,0,0.226,0,1
0,43,2,27182,696,20,0.27,150000,0,0,0,0.17,0,1
0,39,2,27901,705,17,0.26,150000,2,0,1,0.131,0,1
0,44,3,37874,644,21,0.2,300000,1,0,0,0.196,0,1
1,23,3,38897,613,1,0.29,150000,1,0,0,0.292,0,0
1,32,3,40536,618,8,0.28,250000,3,0,1,0.209,1,1
0,52,2,26179,779,30,0.24,250000,1,0,1,0.202,0,1
0,54,2,24624,785,32,0.3,100000,1,0,0,0.234,0,1
0,35,3,38859,691,13,0.24,50000,3,0,0,0.239,0,1
1,37,2,25970,604,13,0.29,300000,1,0,0,0.22,0,0
1,32,3,37600,682,9,0.24,150000,3,0,0,0.197,1,1
0,54,4,52720,578,31,0.27,50000,1,0,0,0.159,0,1
0,28,4,52381,717,5,0.29,150000,0,0,1,0.28,0,1
0,52,2,25943,625,30,0.22,150000,2,0,0,0.166,0,0
0,35,1,20000,603,13,0.16,200000,0,0,1,0.326,0,0
0,49,2,25816,733,26,0.27,300000,0,0,1,0.212,0,1
0,64,3,40483,681,40,0.33,250000,0,0,1,0.204,0,1
0,37,2,27590,727,13,0.27,300000,0,0,0,0.261,0,1
0,40,1,20000,736,16,0.27,50000,2,0,1,0.148,0,1
0,38,1,20000,665,14,0.25,200000,3,0,1,0.246,0,0
1,47,2,26825,679,25,0.3,100000,3,0,0,0.209,1,1
1,27,1,20000,728,4,0.24,100000,0,1,0,0.233,0,0
0,64,1,20000,640,40,0.22,200000,2,0,0,0.145,0,0
1,30,3,37222,753,8,0.33,150000,0,0,1,0.145,1,1
1,38,1,20000,558,16,0.21,250000,2,1,0,0.053,0,0
1,52,1,20000,650,30,0.31,50000,3,0,1,0.163,0,0
1,33,3,39288,700,10,0.33,200000,0,0,1,0.159,1,1
1,44,3,37133,623,22,0.29,100000,4,0,0,0.147,1,1
1,26,2,27803,700,3,0.16,100000,3,0,1,0.191,1,1
0,64,1,20000,679,41,0.25,150000,2,0,0,0.205,0,1
1,57,3,37101,649,34,0.24,150000,2,0,1,0.24,1,1
1,57,2,26040,637,34,0.22,150000,2,0,1,0.245,1,1
1,24,1,20000,622,2,0.26,300000,4,0,1,0.252,0,0
0,45,1,20000,583,23,0.3,200000,2,0,0,0.255,0,0
1,38,1,20000,758,16,0.22,100000,1,0,1,0.222,1,1
0,60,2,26558,668,36,0.24,100000,2,1,1,0.204,0,1
0,47,4,52750,625,23,0.23,150000,1,0,1,0.274,0,1
0,25,3,40041,683,2,0.33,150000,4,1,0,0.255,0,0
1,33,2,27608,693,10,0.23,150000,3,0,0,0.081,0,0
0,22,2,26000,635,0,0.16,100000,2,0,0,0.186,0,0
1,42,3,37948,669,19,0.14,200000,2,0,0,0.056,1,1
0,40,2,25568,751,17,0.28,50000,3,0,0,0.054,0,1
0,42,2,27414,615,18,0.2,150000,0,0,1,0.159,0,0
1,39,3,37840,658,16,0.3,200000,2,0,0,0.19,1,1
1,64,3,39053,579,42,0.16,100000,1,0,0,0.166,1,1
1,24,2,27005,780,1,0.21,250000,2,0,1,0.058,1,1
0,65,3,37193,726,43,0.16,150000,1,1,1,0.262,0,1
1,53,2,24741,677,31,0.28,200000,2,0,1,0.143,1,1
0,31,2,27208,640,9,0.3,150000,1,0,1,0.239,0,0
1,61,1,20000,627,39,0.27,250000,0,0,1,0.146,0,0
0,36,3,39959,675,13,0.17,200000,0,0,0,0.16,0,1
0,26,3,37472,717,3,0.2,150000,0,0,1,0.235,0,1
0,25,3,39263,631,2,0.27,100000,0,0,0,0.172,0,0
0,49,1,20000,644,26,0.13,50000,1,0,0,0.214,0,0
1,25,1,20000,717,2,0.23,100000,2,0,1,0.222,0,0
1,36,2,27254,768,12,0.36,300000,0,0,1,0.086,1,1
0,38,2,27239,709,16,0.24,150000,2,0,1,0.238,0,1
1,65,2,27865,643,43,0.15,250000,2,0,1,0.125,1,1
1,24,4,50037,691,0,0.21,100000,0,0,0,0.111,1,1
1,31,3,38698,712,7,0.21,150000,1,0,0,0.142,1,1
1,63,2,24470,663,40,0.4,300000,2,0,0,0.265,1,1
1,44,1,20000,709,21,0.37,50000,0,0,0,0.072,0,0
0,39,1,20000,629,17,0.3,150000,0,1,0,0.252,0,0
1,22,3,40213,778,0,0.23,250000,4,0,1,0.227,1,1
0,56,3,38012,685,34,0.33,300000,2,0,1,0.206,0,1
1,52,3,38783,655,29,0.17,250000,1,1,1,0.22,1,1
0,65,2,25966,712,42,0.33,250000,2,0,1,0.177,0,1
1,22,1,20000,616,0,0.31,200000,3,0,0,0.255,0,0
0,24,4,51734,708,0,0.24,100000,3,1,1,0.166,0,1
0,24,4,51735,777,0,0.33,200000,1,0,0,0.07,0,1
1,58,2,24041,613,35,0.22,300000,1,1,0,0.194,0,0
0,40,1,20000,735,16,0.16,150000,2,0,0,0.264,0,1
0,50,2,27218,608,27,0.32,100000,0,0,1,0.239,0,0
0,46,4,52113,745,22,0.24,150000,4,0,0,0.345,1,1
0,54,3,39990,637,30,0.29,200000,1,0,0,0.18,0,1
1,57,3,37192,755,35,0.38,100000,1,0,1,0.187,1,1
0,50,1,20000,638,26,0.2,200000,3,0,1,0.181,0,0
1,47,1,20000,650,24,0.24,150000,0,0,0,0.138,0,0
1,25,1,20000,618,3,0.36,150000,0,1,0,0.162,0,0
0,35,4,51676,567,11,0.3,100000,2,0,1,0.117,0,1
1,48,2,27689,617,26,0.2,100000,1,1,0,0.02,0,0
0,54,3,40499,597,30,0.18,200000,2,0,1,0.154,0,1
0,43,1,20000,557,20,0.21,150000,0,0,0,0.202,0,0
0,24,4,52399,716,1,0.2,100000,1,0,1,0.25,0,1
0,44,3,40997,773,22,0.27,100000,0,0,1,0.154,0,1
1,42,2,24325,778,18,0.26,150000,2,0,1,0.155,1,1
1,62,3,40109,626,38,0.27,150000,0,0,0,0.282,1,1
1,44,2,25120,673,22,0.19,300000,1,0,0,0.094,1,1
1,25,2,24107,744,3,0.25,200000,3,0,1,0.187,1,1
1,42,2,26678,607,19,0.11,250000,3,0,0,0.277,0,0
1,58,4,52198,766,36,0.26,150000,2,0,1,0.143,1,1
0,64,4,51097,767,40,0.33,150000,1,0,1,0.077,1,1
0,52,2,27128,572,30,0.15,100000,2,0,1,0.337,0,0
1,42,3,39925,560,19,0.28,200000,2,1,1,0.264,0,0
0,47,3,37334,667,25,0.21,150000,3,0,1,0.266,0,1
1,62,3,40323,741,38,0.31,200000,3,1,1,0.193,1,1
1,56,2,25942,596,34,0.26,150000,4,1,1,0.251,0,0
0,59,2,26039,567,37,0.28,50000,3,0,1,0.02,0,0
0,45,3,37803,693,23,0.25,100000,0,1,1,0.165,0,1
0,32,1,20000,704,9,0.34,200000,2,0,1,0.276,0,0
1,62,2,24766,642,39,0.27,100000,3,1,1,0.088,0,0
0,50,3,38277,657,27,0.2,100000,3,0,1,0.173,0,1
0,24,2,25408,714,1,0.26,250000,4,0,1,0.226,0,1
0,22,4,53527,652,0,0.22,200000,1,0,0,0.137,0,1
0,40,1,20000,626,16,0.26,50000,2,1,0,0.201,0,0
0,43,4,52829,715,20,0.22,100000,0,0,0,0.231,0,1
0,35,2,25488,701,12,0.2,100000,2,0,0,0.224,0,1
0,35,1,20000,657,12,0.26,150000,1,0,1,0.168,0,0
0,65,2,27566,761,43,0.25,200000,4,0,1,0.134,0,1
0,37,3,39373,731,13,0.32,100000,3,0,1,0.232,0,1
1,54,3,37836,670,32,0.22,250000,2,0,0,0.227,1,1
0,34,2,27309,609,11,0.11,50000,0,0,1,0.223,0,0
1,59,1,20000,724,35,0.22,100000,1,0,0,0.209,1,1
1,33,3,39024,746,10,0.14,300000,2,0,0,0.227,1,1
0,59,2,25639,674,37,0.28,100000,0,0,1,0.27,0,1
0,60,3,40612,705,36,0.13,250000,0,1,0,0.225,0,1
0,54,1,20000,708,32,0.18,200000,3,0,0,0.208,0,1
1,54,3,38489,778,30,0.22,50000,0,1,0,0.158,1,1
1,50,3,39791,738,27,0.36,150000,0,1,1,0.311,1,1
1,26,4,51327,724,2,0.17,150000,2,0,1,0.11,1,1
0,27,3,38885,741,5,0.25,300000,4,1,0,0.184,0,1
0,52,2,26894,743,30,0.29,150000,3,0,0,0.159,0,1
0,37,1,20000,684,15,0.35,150000,4,0,0,0.054,0,0
0,52,3,40278,740,30,0.3,50000,2,0,0,0.228,0,1
0,46,2,27983,642,23,0.33,200000,1,0,1,0.184,0,1
0,54,4,53768,756,32,0.31,100000,4,1,1,0.203,1,1
1,34,3,38504,653,11,0.17,50000,1,0,1,0.186,1,1
1,31,2,26697,624,7,0.28,300000,1,0,1,0.26,0,0
0,45,2,26450,672,23,0.31,100000,1,0,1,0.271,0,1
0,31,2,27044,606,7,0.18,100000,3,0,1,0.112,0,0
1,62,2,26033,647,38,0.21,200000,3,0,1,0.341,1,1
0,52,1,20000,690,29,0.19,250000,1,0,1,0.181,0,1
1,34,2,25699,695,12,0.3,50000,1,0,1,0.247,1,1
1,24,2,25923,715,1,0.25,50000,3,0,0,0.214,0,0
0,55,2,25610,716,33,0.23,50000,0,0,1,0.208,0,1
0,49,1,20000,690,25,0.16,50000,2,0,1,0.245,0,1
0,40,1,20000,623,17,0.25,200000,1,0,1,0.305,0,0
1,44,1,20000,720,22,0.21,150000,1,1,1,0.262,0,0
1,53,3,39527,683,29,0.27,200000,1,0,1,0.181,1,1
0,34,2,27960,693,11,0.17,150000,1,0,0,0.193,0,1
0,54,2,27838,685,31,0.26,200000,2,0,0,0.155,0,1
1,55,3,37975,776,32,0.22,150000,4,0,1,0.257,1,1
0,54,4,52056,634,31,0.16,250000,1,0,1,0.247,0,1
1,26,1,20000,651,2,0.16,150000,3,0,0,0.173,0,0
0,24,2,25925,709,0,0.17,200000,2,0,1,0.306,0,1
0,28,2,26426,681,4,0.24,150000,1,0,0,0.286,0,0
1,45,2,27888,653,21,0.26,150000,2,0,0,0.346,0,0
1,43,4,53674,594,21,0.27,250000,2,0,0,0.137,1,1
0,44,3,39428,674,20,0.27,50000,0,0,1,0.192,0,1
0,51,3,37843,709,28,0.2,150000,1,0,1,0.184,0,1
0,39,2,27733,709,16,0.32,200000,4,0,1,0.408,0,1
0,53,3,37359,680,30,0.22,200000,2,0,1,0.201,0,1
0,28,1,20000,679,5,0.28,150000,1,0,1,0.301,0,0
0,54,2,24484,617,32,0.24,150000,0,0,1,0.283,0,1
1,26,2,25428,701,3,0.28,100000,0,0,1,0.193,1,1
1,49,2,26080,680,26,0.23,250000,1,0,1,0.204,1,1
1,29,2,25488,689,6,0.28,150000,0,0,1,0.242,1,1
1,36,3,37695,677,12,0.25,200000,0,0,0,0.301,1,1
0,25,1,20000,681,1,0.31,50000,1,0,0,0.186,0,0
1,55,1,20000,704,33,0.19,100000,2,0,0,0.159,1,1
0,26,2,25831,694,4,0.13,150000,0,0,1,0.275,0,1
0,54,2,24201,579,32,0.18,200000,0,0,0,0.108,0,0
0,26,3,40857,705,3,0.32,100000,0,0,0,0.22,0,1
1,59,3,38198,668,37,0.24,50000,0,0,0,0.285,1,1
1,55,3,38267,651,31,0.26,100000,0,0,1,0.234,1,1
1,47,2,27340,754,23,0.18,100000,1,0,0,0.155,1,1
1,22,3,39970,638,0,0.25,100000,1,0,1,0.12,1,1
1,25,3,38469,644,2,0.18,100000,1,0,1,0.295,1,1
0,60,2,24073,556,37,0.19,200000,3,1,1,0.186,0,0
0,47,2,24095,759,25,0.22,150000,1,0,1,0.128,0,1
0,54,4,51896,749,32,0.28,150000,0,0,1,0.291,1,1
0,54,1,20000,651,32,0.29,300000,0,0,0,0.264,0,0
1,29,2,25922,713,7,0.29,150000,4,1,1,0.116,0,0
0,41,1,20000,547,18,0.14,250000,4,0,0,0.401,0,0
0,37,1,20000,696,13,0.25,100000,0,0,1,0.157,0,0
1,42,1,20000,622,19,0.24,150000,0,0,0,0.263,0,0
0,47,2,27394,772,25,0.14,150000,1,0,1,0.359,0,1
1,44,3,39336,710,21,0.25,150000,1,0,1,0.271,1,1
0,39,2,24257,687,15,0.23,150000,1,0,1,0.221,0,1
0,52,3,40658,644,29,0.29,100000,1,0,0,0.085,0,1
1,63,2,26221,635,39,0.26,200000,0,1,1,0.363,0,0
0,33,4,50329,732,11,0.21,150000,0,0,1,0.269,0,1
0,22,4,51254,654,0,0.31,50000,2,0,0,0.087,0,1
0,63,3,39806,642,41,0.09,150000,4,0,1,0.324,0,1
1,30,4,53067,777,8,0.25,200000,0,0,1,0.205,1,1
0,24,3,37160,705,0,0.13,100000,2,0,1,0.178,0,1
1,47,4,50185,639,23,0.19,50000,1,0,0,0.154,1,1
1,30,2,27974,710,8,0.29,200000,0,0,0,0.214,1,1
1,63,2,24142,664,39,0.16,300000,3,0,0,0.265,1,1
0,37,3,40353,592,13,0.15,50000,1,0,1,0.16,0,1
0,45,2,26954,652,23,0.42,300000,2,0,1,0.21,0,1
0,35,3,37639,632,13,0.15,150000,1,0,1,0.47,0,1
0,24,3,40749,704,0,0.37,300000,0,0,1,0.238,0,1
1,55,2,26074,643,33,0.24,200000,2,1,1,0.277,0,0
1,54,3,40317,694,32,0.21,250000,1,0,1,0.123,1,1
1,45,1,20000,706,21,0.29,200000,0,1,0,0.091,0,0
1,30,2,27718,809,7,0.34,50000,2,1,0,0.317,1,1
1,34,2,27968,788,11,0.17,50000,0,0,1,0.294,1,1
1,23,2,24201,692,1,0.21,150000,0,1,1,0.337,0,0
1,28,2,27092,677,4,0.31,100000,2,0,1,0.194,0,0
1,42,2,25614,647,20,0.27,150000,0,0,0,0.3,0,0
1,40,2,26717,589,16,0.33,300000,2,0,0,0.02,0,0
1,46,3,40165,564,24,0.29,100000,4,0,1,0.243,1,1
0,43,3,40079,643,21,0.38,150000,0,0,1,0.283,0,1
0,32,2,24471,770,8,0.26,150000,1,0,0,0.145,0,1
0,54,2,27410,768,32,0.27,200000,2,0,0,0.284,0,1
1,53,3,39306,693,30,0.27,100000,1,1,1,0.186,1,1
1,42,3,39102,715,19,0.24,100000,2,0,0,0.194,1,1
0,60,2,24910,646,36,0.31,250000,1,0,0,0.179,0,1
1,41,1,20000,668,19,0.27,200000,0,1,0,0.327,0,0
1,29,3,38029,647,6,0.31,200000,0,0,1,0.164,1,1
1,63,3,40448,647,39,0.32,200000,2,1,1,0.154,1,1
1,58,1,20000,703,34,0.28,150000,0,1,1,0.131,0,0
1,30,2,25073,646,6,0.29,200000,3,1,1,0.171,0,0
1,46,2,26159,707,23,0.18,150000,2,0,1,0.216,1,1
0,46,3,39193,681,23,0.21,50000,0,0,0,0.251,0,1
1,54,2,24229,757,31,0.31,150000,0,0,1,0.14,1,1
1,23,2,25746,710,0,0.35,100000,0,0,1,0.23,1,1
0,40,1,20000,683,18,0.11,150000,2,0,0,0.249,0,0
1,41,4,51329,621,18,0.21,100000,3,0,1,0.125,1,1
1,63,3,40613,663,39,0.25,150000,0,0,0,0.205,1,1
0,62,3,37460,687,40,0.19,150000,0,0,1,0.193,0,1
1,63,3,37806,693,40,0.19,200000,1,0,1,0.206,1,1
1,50,2,27699,716,28,0.28,150000,0,0,1,0.158,1,1
1,27,4,51931,711,3,0.36,250000,1,0,1,0.189,1,1
1,38,1,20000,613,15,0.11,50000,1,0,1,0.202,0,0
0,46,3,37058,722,24,0.24,200000,1,0,1,0.349,0,1
0,59,2,25099,654,36,0.28,200000,1,0,1,0.204,0,1
1,25,2,26475,644,3,0.3,300000,1,0,0,0.307,0,0
0,51,2,24727,619,29,0.27,150000,1,0,0,0.313,0,0
1,41,3,38155,670,17,0.37,100000,0,0,0,0.094,1,1
1,24,3,39979,659,0,0.25,100000,1,0,0,0.177,1,1
0,44,2,24497,743,21,0.34,100000,1,0,0,0.313,0,1
1,39,2,26863,665,16,0.2,150000,0,0,1,0.214,1,1
1,47,4,50909,729,25,0.25,250000,0,0,1,0.191,1,1
1,57,2,27664,580,33,0.17,100000,0,0,1,0.26,0,0
1,29,3,38328,730,5,0.31,100000,0,0,0,0.285,1,1
1,38,3,39114,725,16,0.24,100000,1,1,1,0.198,1,1
0,52,2,24229,599,28,0.28,50000,0,0,1,0.178,0,0
1,58,1,20000,622,34,0.23,250000,1,0,0,0.02,0,0
1,54,2,24332,643,32,0.29,250000,1,0,1,0.204,1,1
1,48,2,27976,668,25,0.28,100000,1,0,0,0.17,1,1
0,25,1,20000,631,2,0.18,100000,2,0,1,0.119,0,0
0,43,1,20000,656,20,0.18,250000,1,0,0,0.184,0,0
0,47,2,25607,715,25,0.25,50000,0,0,1,0.167,0,1
0,53,3,37720,659,30,0.3,150000,0,0,1,0.214,0,1
0,45,3,40855,706,23,0.38,250000,0,0,1,0.178,0,1
1,56,1,20000,679,34,0.27,150000,1,0,1,0.236,1,1
1,58,2,25274,517,34,0.32,50000,0,1,1,0.214,0,0
0,53,2,27867,635,29,0.14,100000,1,0,0,0.302,0,1
0,28,2,24690,734,5,0.39,250000,3,0,0,0.157,0,1
0,54,3,40151,640,32,0.29,50000,0,0,0,0.342,0,1
1,52,2,24056,621,29,0.25,150000,4,0,0,0.285,0,0
1,33,3,40437,746,10,0.24,200000,3,0,1,0.319,1,1
1,32,2,26355,688,8,0.17,250000,3,0,1,0.22,1,1
0,45,3,39221,770,22,0.19,150000,3,0,0,0.177,0,1
1,29,2,25485,654,6,0.38,100000,0,0,1,0.157,0,0
1,53,3,37749,756,29,0.18,150000,0,0,0,0.34,1,1
0,59,4,53051,651,36,0.18,100000,0,0,0,0.288,0,1
1,43,3,37677,548,20,0.2,100000,0,0,1,0.119,0,0
0,55,3,40667,727,33,0.17,200000,1,0,0,0.278,0,1
1,40,1,20000,701,17,0.25,100000,3,1,0,0.134,0,0
1,41,4,50559,737,17,0.33,50000,0,0,1,0.226,1,1
1,35,1,20000,658,11,0.21,100000,0,0,1,0.266,0,0
0,54,2,25704,760,32,0.15,150000,2,0,1,0.317,0,1
1,31,1,20000,717,7,0.27,200000,0,0,0,0.219,0,0
1,37,4,53445,745,13,0.25,200000,1,0,0,0.189,1,1
0,25,3,38978,696,1,0.32,200000,0,0,1,0.204,0,1
1,48,4,50348,625,25,0.22,200000,3,1,1,0.285,1,1
0,49,3,38090,693,27,0.23,200000,1,0,1,0.263,0,1
0,64,2,26377,699,42,0.24,100000,2,0,1,0.199,0,1
1,37,4,53923,811,15,0.26,150000,0,0,1,0.051,1,1
0,54,4,52241,714,32,0.22,150000,4,0,1,0.02,1,1
1,40,2,25178,622,16,0.21,50000,1,0,0,0.218,0,0
0,42,1,20000,695,19,0.12,100000,2,0,1,0.106,0,1
1,43,3,38719,759,19,0.21,150000,4,0,1,0.158,1,1
0,30,4,52313,793,6,0.3,150000,1,1,0,0.182,0,1
1,30,3,39215,684,6,0.31,150000,1,0,1,0.366,1,1
0,30,3,39192,679,6,0.22,200000,0,0,0,0.21,0,1
1,48,4,52233,622,26,0.34,150000,1,0,1,0.258,1,1
1,38,4,50885,666,16,0.25,250000,3,0,0,0.24,1,1
1,65,3,37864,713,42,0.16,150000,0,0,1,0.02,1,1
1,29,3,39821,606,5,0.13,150000,3,0,0,0.168,0,0
0,37,2,27494,792,15,0.34,50000,2,0,1,0.102,0,1
1,39,3,40054,670,16,0.22,100000,1,0,0,0.338,1,1
0,54,2,24785,686,30,0.17,250000,1,0,1,0.054,0,1
0,22,3,37456,708,0,0.09,100000,0,0,0,0.166,0,1
0,33,2,27911,742,11,0.22,100000,0,0,1,0.179,0,1
1,27,1,20000,684,3,0.28,150000,0,0,0,0.121,0,0
1,62,1,20000,611,38,0.2,50000,1,0,1,0.208,0,0
0,26,3,37553,713,4,0.18,150000,3,0,1,0.197,0,1
1,37,2,25020,741,14,0.21,100000,1,1,1,0.213,1,1
1,39,2,27587,630,16,0.34,150000,1,0,0,0.24,0,0
0,39,1,20000,714,17,0.15,200000,0,0,1,0.219,0,1
0,22,2,25819,693,0,0.21,200000,2,0,1,0.23,0,1
0,40,1,20000,675,17,0.33,150000,2,0,1,0.289,0,0
1,29,2,24704,644,6,0.28,150000,1,0,0,0.068,0,0
0,24,2,25127,667,2,0.26,200000,4,0,0,0.256,0,0
1,46,2,26294,704,24,0.2,200000,3,0,1,0.116,1,1
1,26,2,24811,656,4,0.25,100000,2,1,0,0.149,0,0
0,61,2,27094,626,37,0.21,100000,4,0,1,0.21,0,1
1,40,3,37952,633,18,0.19,150000,2,0,1,0.233,1,1
1,39,2,24814,695,15,0.17,100000,3,1,0,0.242,0,0
1,52,2,25548,706,29,0.3,50000,1,0,1,0.124,1,1
0,54,1,20000,666,31,0.25,100000,0,0,1,0.33,0,1
0,39,2,26777,779,17,0.27,200000,4,0,0,0.167,0,1
0,60,1,20000,576,38,0.26,150000,0,0,0,0.142,0,0
0,37,1,20000,690,14,0.28,150000,0,0,1,0.098,0,0
1,37,3,40825,588,14,0.23,150000,0,0,0,0.09,0,0
1,59,3,38216,684,36,0.22,200000,1,0,1,0.088,1,1
1,62,2,26512,693,39,0.19,150000,0,1,1,0.225,1,1
1,28,3,38807,680,6,0.15,150000,2,0,1,0.248,1,1
1,35,1,20000,562,11,0.17,50000,4,0,0,0.131,0,0
0,64,4,50676,694,41,0.22,150000,0,0,1,0.109,1,1
1,46,1,20000,670,23,0.14,150000,2,0,1,0.183,0,0
1,53,3,39676,739,29,0.15,150000,0,0,0,0.208,1,1
1,59,1,20000,591,37,0.32,150000,0,0,0,0.221,0,0
1,43,3,40449,769,19,0.27,200000,2,0,0,0.123,1,1
0,37,2,27621,541,15,0.22,150000,3,1,1,0.187,0,0
1,50,1,20000,598,28,0.41,150000,0,0,1,0.325,0,0
1,37,3,37862,699,15,0.13,50000,1,0,1,0.104,1,1
0,33,1,20000,687,11,0.32,200000,0,1,1,0.198,0,0
1,38,3,39485,773,16,0.24,250000,3,0,1,0.24,1,1
1,58,3,37880,700,35,0.3,200000,0,0,0,0.123,1,1
1,48,2,26273,674,26,0.26,300000,1,1,1,0.249,0,0
0,46,2,25842,704,23,0.12,100000,3,0,1,0.093,0,1
0,34,1,20000,541,12,0.26,100000,2,0,1,0.251,0,0
0,29,3,37965,634,6,0.27,150000,4,0,1,0.203,0,1
1,26,2,26395,615,2,0.1,100000,4,0,1,0.086,0,0
0,33,2,24475,732,9,0.39,50000,1,0,1,0.255,0,1
1,62,4,51338,771,39,0.27,150000,2,0,1,0.128,1,1
1,24,2,24524,782,2,0.3,100000,0,0,1,0.188,1,1
1,56,4,51448,731,33,0.17,100000,4,0,1,0.25,1,1
1,54,3,39571,739,31,0.3,300000,0,1,1,0.123,1,1
1,43,2,24561,685,21,0.33,100000,2,0,1,0.158,1,1
0,65,2,27896,652,41,0.27,100000,1,0,0,0.29,0,1
0,30,3,40320,630,7,0.25,100000,1,1,0,0.034,0,0
1,62,2,27702,615,38,0.19,200000,0,0,0,0.313,1,1
1,39,1,20000,594,15,0.23,200000,2,0,0,0.083,0,0
1,50,1,20000,710,26,0.21,100000,0,0,1,0.144,1,1
1,60,3,40847,667,37,0.29,100000,0,1,1,0.223,1,1
0,48,3,37105,650,25,0.19,200000,0,0,1,0.248,0,1
1,57,2,26238,568,35,0.29,100000,0,1,0,0.224,0,0
0,38,1,20000,619,16,0.19,300000,1,0,0,0.204,0,0
1,55,3,37699,674,32,0.23,150000,1,0,1,0.165,1,1
1,24,4,51143,615,2,0.29,100000,0,0,1,0.325,1,1
1,26,1,20000,816,2,0.2,250000,1,1,1,0.262,1,1
1,35,1,20000,596,11,0.3,100000,2,0,1,0.294,0,0
1,24,4,50071,763,1,0.29,100000,2,0,1,0.166,1,1
0,44,3,37754,683,20,0.23,100000,4,0,1,0.02,0,1
1,60,3,40202,658,37,0.33,200000,0,0,1,0.282,1,1
0,51,4,52504,686,28,0.26,100000,3,0,0,0.229,0,1
1,44,3,40852,690,21,0.33,150000,1,0,0,0.215,1,1
1,48,2,24904,692,24,0.38,50000,1,0,0,0.155,1,1
1,31,3,39526,635,8,0.23,250000,1,0,0,0.172,1,1
0,46,3,37051,720,23,0.3,150000,1,0,0,0.152,0,1
1,34,4,51003,684,12,0.21,100000,1,0,1,0.204,1,1
0,37,2,26621,606,13,0.18,150000,2,0,1,0.109,0,0
1,62,2,27190,656,39,0.24,200000,0,0,1,0.261,1,1
0,55,3,40948,768,33,0.15,200000,2,1,1,0.363,0,1
1,58,2,25287,692,35,0.18,150000,2,0,1,0.152,1,1
0,43,2,25262,680,19,0.29,200000,1,0,1,0.073,0,1
0,38,4,53422,678,16,0.21,150000,0,0,1,0.192,0,1
0,44,2,26940,662,22,0.3,50000,0,0,0,0.225,0,0
1,57,3,39302,702,34,0.27,250000,0,0,1,0.236,1,1
1,30,4,50684,685,7,0.38,150000,0,1,1,0.328,1,1
1,23,2,27380,704,0,0.29,150000,0,0,1,0.265,1,1
0,53,4,51772,717,29,0.33,300000,0,0,1,0.055,1,1
1,43,3,40902,624,20,0.28,150000,0,1,1,0.101,0,0
0,64,2,25630,709,42,0.27,50000,1,0,1,0.232,0,1
1,34,2,27920,627,10,0.33,250000,4,0,1,0.164,0,0
1,29,4,53566,645,5,0.3,100000,4,0,1,0.321,1,1
1,22,2,26104,678,0,0.26,150000,0,0,1,0.125,0,0
0,38,2,24949,694,15,0.26,100000,0,0,1,0.277,0,1
0,33,2,27474,713,9,0.29,100000,1,0,1,0.148,0,1
0,25,2,27138,561,3,0.2,200000,0,0,0,0.221,0,0
1,34,2,27117,723,10,0.2,150000,1,0,1,0.134,1,1
0,52,4,52653,722,30,0.35,200000,1,0,0,0.245,1,1
0,62,4,51673,660,38,0.38,250000,1,0,1,0.286,0,1
1,28,2,26416,667,5,0.18,150000,3,0,1,0.22,0,0
0,44,2,27676,690,22,0.2,150000,3,0,1,0.353,0,1
0,45,3,39279,498,21,0.33,200000,4,0,0,0.142,0,0
0,26,1,20000,601,2,0.29,200000,0,0,0,0.208,0,0
0,26,3,39955,753,4,0.3,150000,3,0,1,0.268,0,1
1,38,3,38584,656,16,0.31,150000,1,0,0,0.124,1,1
1,51,3,38046,685,28,0.23,150000,2,1,0,0.205,1,1
0,30,2,26621,673,8,0.27,150000,3,0,1,0.253,0,0
1,27,2,25290,719,3,0.27,150000,4,0,0,0.274,1,1
0,46,1,20000,647,23,0.19,200000,2,0,1,0.291,0,0
0,40,2,26165,662,18,0.27,100000,1,0,0,0.13,0,0
0,37,2,25623,690,13,0.34,300000,1,0,1,0.223,0,1
0,42,4,53672,746,20,0.23,200000,2,1,1,0.095,0,1
1,23,4,53126,763,0,0.26,100000,3,0,1,0.142,1,1
1,31,4,51176,682,7,0.26,50000,2,0,0,0.186,1,1
1,37,4,53310,673,14,0.23,200000,1,0,0,0.292,1,1
1,58,1,20000,661,35,0.3,200000,1,0,1,0.242,1,1
1,36,3,39315,763,14,0.2,300000,0,0,1,0.203,1,1
1,34,1,20000,712,11,0.34,100000,4,0,1,0.236,0,0
0,34,2,26160,653,12,0.29,50000,0,0,0,0.242,0,0
0,53,2,26213,591,30,0.18,250000,2,0,1,0.23,0,0
1,29,3,39715,750,6,0.37,100000,3,0,0,0.154,1,1
1,64,3,38031,757,42,0.26,200000,1,0,0,0.123,1,1
0,39,1,20000,608,16,0.2,50000,3,0,1,0.182,0,0
1,57,1,20000,645,34,0.33,200000,3,0,1,0.136,0,0
1,47,1,20000,718,24,0.28,100000,0,0,0,0.25,1,1
1,31,1,20000,691,8,0.13,200000,1,0,0,0.322,0,0
0,52,1,20000,560,30,0.21,150000,2,0,0,0.245,0,0
1,54,3,38073,627,30,0.27,300000,1,0,1,0.055,1,1
0,50,3,37106,721,28,0.1,50000,1,0,1,0.149,0,1
1,26,2,27080,693,4,0.26,100000,2,0,0,0.201,0,0
1,34,3,37744,726,12,0.26,50000,0,0,1,0.085,1,1
1,22,2,26747,722,0,0.17,250000,1,0,0,0.202,1,1
1,44,4,51479,713,21,0.27,150000,0,0,0,0.238,1,1
0,61,2,26370,703,37,0.25,150000,0,0,0,0.313,0,1
0,24,3,39356,658,1,0.17,100000,1,0,0,0.345,0,1
0,24,4,52897,706,0,0.31,150000,2,0,0,0.105,0,1
0,28,3,37621,707,4,0.31,150000,0,1,0,0.191,0,0
0,57,1,20000,763,34,0.23,100000,2,0,1,0.192,0,1
0,56,3,37144,644,32,0.24,200000,1,0,0,0.143,0,1
0,36,1,20000,709,14,0.3,50000,4,0,0,0.208,0,0
1,61,1,20000,663,39,0.24,200000,1,0,0,0.194,0,0
1,24,1,20000,710,2,0.11,250000,0,0,0,0.249,0,0
1,50,4,50113,693,26,0.28,250000,2,0,0,0.309,1,1
0,51,4,52622,764,27,0.19,200000,2,0,0,0.211,1,1
1,60,2,26446,639,38,0.22,100000,1,0,1,0.161,1,1
1,39,2,27346,687,16,0.35,150000,1,0,1,0.118,1,1
0,32,4,50123,724,10,0.24,100000,0,0,1,0.363,0,1
0,64,2,24085,642,41,0.25,50000,1,0,1,0.273,0,1
0,59,2,27653,696,36,0.29,200000,0,0,1,0.232,0,1
1,61,2,24046,735,37,0.29,250000,1,1,1,0.187,1,1
0,22,3,40782,686,0,0.19,50000,3,0,1,0.329,0,1
1,50,2,25899,721,27,0.25,50000,2,0,1,0.187,1,1
1,31,3,39991,652,8,0.25,150000,0,0,1,0.063,1,1
1,49,2,27272,619,26,0.27,100000,3,0,0,0.221,0,0
1,52,2,27347,718,28,0.27,150000,1,0,0,0.102,1,1
1,40,2,25572,649,18,0.43,100000,0,0,0,0.222,0,0
0,24,1,20000,577,1,0.17,50000,2,0,1,0.308,0,0
1,57,2,27201,638,33,0.32,150000,1,0,0,0.066,0,0
0,64,1,20000,744,42,0.33,250000,0,1,1,0.128,0,1
1,36,3,39005,748,12,0.28,200000,0,1,0,0.269,1,1
1,54,2,24803,618,32,0.2,200000,1,1,0,0.16,0,0
1,62,3,39436,609,38,0.37,100000,0,0,0,0.233,1,1
1,64,4,52623,677,42,0.1,250000,2,1,1,0.233,1,1
0,47,3,40334,747,24,0.2,150000,1,0,1,0.271,0,1
1,37,4,51989,689,13,0.33,250000,1,1,0,0.148,1,1
1,57,2,26679,669,35,0.22,150000,0,1,1,0.02,1,1
1,54,1,20000,636,32,0.36,100000,3,1,0,0.232,0,0
1,41,4,52761,685,19,0.14,100000,1,0,1,0.074,1,1
0,34,3,38069,736,11,0.17,150000,1,0,1,0.275,0,1
1,54,3,38191,694,30,0.21,50000,2,0,1,0.197,1,1
0,26,3,40516,678,4,0.28,300000,0,0,1,0.176,0,1
0,58,3,39669,725,35,0.23,100000,1,0,1,0.255,0,1
0,35,1,20000,673,12,0.22,100000,2,0,0,0.061,0,0
0,48,3,39771,742,25,0.35,100000,1,0,1,0.184,0,1
0,44,1,20000,632,21,0.36,50000,0,0,0,0.236,0,0
0,35,2,24086,694,12,0.22,200000,0,0,1,0.22,0,1
0,61,2,26850,728,38,0.13,150000,1,0,0,0.161,0,1
1,25,2,25408,765,2,0.1,200000,4,0,0,0.162,1,1
1,60,1,20000,609,36,0.27,50000,1,1,1,0.323,0,0
1,40,3,37264,680,16,0.3,250000,0,0,0,0.273,1,1
0,25,3,40848,617,2,0.25,100000,3,0,1,0.147,0,0
0,51,3,40093,636,29,0.25,250000,1,0,1,0.308,0,1
1,40,2,27839,681,18,0.19,50000,1,0,1,0.26,1,1
0,52,4,50702,588,30,0.3,200000,1,0,0,0.239,0,1
1,52,1,20000,693,29,0.37,150000,2,0,0,0.242,0,0
1,30,3,39279,720,8,0.09,150000,2,0,1,0.108,1,1
0,34,1,20000,665,10,0.24,50000,0,0,1,0.32,0,0
1,35,2,24325,633,11,0.18,150000,3,1,1,0.276,0,0
1,31,2,25206,666,7,0.15,50000,0,0,0,0.22,0,0
0,52,3,37396,806,28,0.17,150000,0,0,1,0.219,1,1
0,58,1,20000,641,35,0.28,150000,0,0,1,0.193,0,0
1,44,2,25426,636,20,0.28,200000,2,0,1,0.155,0,0
0,48,2,27534,552,26,0.35,300000,2,1,1,0.243,0,0
1,27,2,25440,737,5,0.25,100000,2,1,1,0.136,0,0
1,47,3,40273,621,23,0.13,100000,2,0,1,0.212,1,1
1,23,2,25088,684,0,0.23,150000,0,0,0,0.208,0,0
0,34,2,24955,795,10,0.15,200000,1,0,1,0.231,0,1
1,40,1,20000,690,18,0.17,300000,1,0,1,0.275,0,0
0,22,1,20000,689,0,0.29,300000,1,0,0,0.232,0,0
0,61,2,26780,662,37,0.26,300000,0,0,0,0.255,0,1
0,53,3,38040,707,31,0.29,250000,3,0,1,0.045,0,1
1,43,1,20000,674,21,0.22,300000,2,0,1,0.237,0,0
0,50,1,20000,699,27,0.31,150000,1,0,1,0.206,0,1
1,23,2,27254,547,0,0.22,300000,2,0,1,0.23,0,0
1,61,2,26438,700,37,0.33,200000,2,0,0,0.158,1,1
1,59,2,24043,703,36,0.27,100000,0,0,1,0.292,1,1
1,32,2,24900,820,9,0.24,50000,1,0,1,0.22,1,1
0,38,1,20000,669,16,0.26,100000,0,0,0,0.14,0,0
1,64,1,20000,682,41,0.25,200000,0,0,0,0.155,1,1
1,29,3,37481,711,5,0.36,200000,0,0,0,0.272,1,1
0,43,3,39036,713,19,0.27,100000,4,1,0,0.193,0,1
1,25,3,38286,622,1,0.25,200000,1,0,1,0.2,0,0
0,32,2,25197,725,10,0.23,100000,3,0,0,0.184,0,1
1,29,3,38464,639,7,0.31,250000,0,0,0,0.281,0,0
0,30,4,50565,722,6,0.3,200000,0,0,0,0.239,0,1
0,47,3,39267,642,23,0.23,300000,3,0,1,0.105,0,1
1,23,2,27629,667,1,0.17,100000,1,0,0,0.122,0,0
1,37,2,27465,654,15,0.19,250000,3,0,0,0.2,0,0
1,52,2,24771,666,29,0.24,150000,0,0,0,0.149,1,1
0,27,2,25218,675,5,0.34,150000,3,0,0,0.027,0,0
1,42,2,26456,700,20,0.23,150000,1,0,0,0.14,1,1
1,47,3,37470,684,23,0.21,200000,0,0,1,0.178,1,1
1,40,3,38370,738,16,0.13,300000,2,0,0,0.168,1,1
1,49,1,20000,640,25,0.36,150000,2,0,0,0.258,0,0
1,29,1,20000,693,6,0.29,250000,0,0,0,0.021,0,0
0,35,2,26213,634,13,0.31,100000,4,0,1,0.138,0,0
1,45,1,20000,768,22,0.32,150000,2,0,0,0.264,1,1
1,65,2,25174,703,43,0.24,150000,1,0,1,0.147,1,1
0,58,2,24110,641,36,0.26,100000,0,0,1,0.103,0,1
0,47,2,27559,775,23,0.35,300000,1,0,1,0.146,0,1
1,52,4,52596,728,30,0.26,200000,0,0,1,0.236,1,1
1,53,2,25026,641,30,0.29,150000,1,0,1,0.18,1,1
1,62,2,27554,672,38,0.31,200000,2,0,1,0.142,1,1
0,23,1,20000,607,0,0.3,150000,2,0,1,0.239,0,0
1,46,2,27233,617,23,0.24,50000,1,0,1,0.23,0,0
0,65,1,20000,736,41,0.25,150000,0,0,0,0.099,0,1
0,23,3,38472,640,1,0.3,200000,4,0,1,0.208,0,1
1,63,1,20000,596,40,0.3,300000,0,0,1,0.096,0,0
1,22,2,26311,714,0,0.33,50000,0,0,0,0.294,0,0
1,57,3,39130,781,33,0.29,150000,2,0,1,0.298,1,1
1,33,1,20000,733,11,0.29,50000,2,0,0,0.177,0,0
1,30,2,26971,806,8,0.22,100000,4,0,1,0.285,1,1
0,57,2,26381,813,33,0.21,150000,4,0,1,0.14,1,1
0,62,3,38403,640,40,0.3,100000,3,1,1,0.189,0,1
0,49,2,27290,662,26,0.21,200000,1,0,1,0.153,0,1
0,59,2,24657,593,36,0.25,150000,0,0,1,0.198,0,0
1,54,3,38833,626,31,0.35,100000,2,0,0,0.205,1,1
1,63,2,25832,738,41,0.34,150000,0,0,1,0.2,1,1
1,43,2,24453,695,20,0.27,50000,0,0,0,0.193,1,1
0,46,1,20000,750,24,0.23,250000,0,0,1,0.21,0,1
0,39,3,37740,642,17,0.24,50000,0,1,1,0.3,0,0
0,27,3,38769,659,5,0.31,50000,1,0,0,0.039,0,1
1,39,4,53160,732,17,0.25,150000,1,0,0,0.354,1,1
1,37,4,52380,758,13,0.21,300000,1,0,1,0.172,1,1
0,36,3,39357,600,13,0.34,250000,3,1,0,0.194,0,0
1,29,3,39774,676,6,0.26,100000,2,0,0,0.306,1,1
0,34,3,38443,711,12,0.21,100000,4,0,1,0.249,0,1
0,64,2,27680,723,40,0.28,200000,1,1,1,0.243,0,1
0,28,2,25748,733,6,0.32,250000,0,0,0,0.3,0,1
1,38,2,26401,675,15,0.18,150000,0,0,1,0.187,1,1
1,53,2,24823,612,30,0.24,150000,2,0,1,0.274,1,1
1,43,3,40171,584,19,0.23,50000,3,0,1,0.099,1,1
1,34,2,24144,669,12,0.28,100000,0,0,1,0.233,1,1
1,44,2,27081,664,20,0.29,150000,3,0,0,0.245,0,0
0,50,2,26006,636,28,0.21,50000,1,0,0,0.292,0,0
0,43,3,38067,739,19,0.15,100000,0,0,1,0.257,0,1
1,22,3,38786,626,0,0.32,100000,2,0,0,0.216,0,0
1,50,2,25409,643,26,0.17,150000,1,0,1,0.175,1,1
1,26,2,25762,744,3,0.27,50000,0,0,1,0.174,1,1
1,56,2,24909,637,33,0.24,150000,1,0,1,0.174,1,1
0,31,1,20000,687,9,0.26,250000,2,0,0,0.096,0,0
1,40,2,26542,679,16,0.37,50000,2,0,0,0.339,0,0
1,58,3,38516,703,34,0.46,200000,0,0,1,0.28,1,1
1,28,2,27240,728,4,0.14,250000,4,0,1,0.22,1,1
0,56,2,26689,697,32,0.32,100000,0,0,1,0.265,0,1
0,34,1,20000,593,12,0.24,100000,0,0,0,0.26,0,0
1,31,2,25359,613,9,0.32,50000,1,0,1,0.121,0,0
1,23,1,20000,686,1,0.32,200000,3,0,1,0.251,0,0
0,27,2,26027,629,4,0.35,150000,1,0,0,0.302,0,0
0,29,2,27928,732,6,0.27,100000,2,0,1,0.146,0,1
1,57,3,39560,707,34,0.19,250000,4,0,1,0.077,1,1
0,46,2,26177,585,24,0.31,200000,2,1,1,0.107,0,0
0,65,2,25007,783,42,0.26,100000,0,0,1,0.192,0,1
0,61,2,27610,659,37,0.23,200000,2,0,0,0.102,0,1
0,28,3,38537,678,5,0.22,100000,2,0,1,0.186,0,1
0,44,1,20000,693,22,0.32,200000,0,0,0,0.148,0,0
1,40,3,39781,685,18,0.36,50000,1,0,1,0.2,1,1
0,43,4,50946,752,21,0.17,200000,2,1,0,0.159,0,1
1,34,2,25161,624,12,0.29,100000,0,0,0,0.197,0,0
0,42,3,38298,753,18,0.22,150000,0,1,0,0.248,0,1
1,22,3,38001,727,0,0.15,100000,2,0,0,0.123,1,1
0,40,2,26511,637,17,0.26,200000,3,0,0,0.223,0,0
0,54,3,39188,703,32,0.19,50000,0,0,0,0.132,0,1
1,25,2,25967,746,2,0.14,100000,1,0,0,0.2,1,1
0,63,2,27327,708,39,0.2,100000,2,0,0,0.193,0,1
1,24,3,37881,698,2,0.18,50000,2,0,1,0.228,1,1
0,48,3,38847,724,25,0.2,200000,4,0,0,0.215,0,1
1,62,4,52503,738,39,0.16,300000,2,0,0,0.299,1,1
1,56,2,25975,652,33,0.22,200000,2,0,0,0.198,1,1
0,49,2,26481,688,26,0.2,250000,4,0,1,0.15,0,1
1,27,2,25630,726,5,0.28,50000,0,0,1,0.274,1,1
0,27,1,20000,677,5,0.29,50000,0,0,0,0.226,0,0
1,65,2,24472,640,41,0.27,150000,2,0,0,0.271,1,1
1,44,2,25446,695,22,0.23,300000,1,0,1,0.19,1,1
1,54,2,27067,658,31,0.23,200000,0,0,1,0.095,1,1
0,37,2,26964,712,14,0.19,150000,1,0,1,0.38,0,1
1,45,2,26486,758,22,0.19,100000,2,0,0,0.152,1,1
1,26,4,53063,737,2,0.3,100000,3,1,1,0.107,1,1
1,62,3,40128,644,40,0.13,150000,0,1,0,0.257,1,1
1,63,1,20000,686,41,0.24,200000,1,0,1,0.124,1,1
0,34,3,40685,548,12,0.23,50000,0,0,1,0.169,0,0
0,33,3,39216,684,10,0.29,250000,2,0,1,0.21,0,1
1,26,4,50988,751,3,0.15,300000,1,0,1,0.189,1,1
0,58,2,25605,702,35,0.25,250000,4,0,1,0.171,0,1
1,52,2,27921,686,28,0.27,250000,0,0,1,0.327,1,1
0,49,4,52608,817,25,0.12,50000,1,1,0,0.191,1,1
0,49,2,26475,586,26,0.17,300000,0,0,1,0.128,0,0
0,51,4,50418,618,27,0.24,150000,1,0,1,0.278,0,1
1,39,3,38370,716,15,0.29,250000,3,0,0,0.142,1,1
0,65,4,53588,749,41,0.26,100000,3,0,0,0.191,1,1
1,48,2,26502,731,26,0.29,150000,1,0,1,0.128,1,1
0,56,2,24713,648,32,0.17,50000,3,0,1,0.217,0,1
1,47,2,26249,633,24,0.14,50000,0,0,1,0.203,1,1
0,60,4,50178,645,38,0.26,300000,0,0,1,0.198,0,1
0,39,2,26104,697,15,0.16,200000,3,0,1,0.212,0,1
0,54,2,27769,625,31,0.19,150000,0,0,1,0.265,0,1
1,46,2,27675,741,22,0.32,150000,0,0,0,0.256,1,1
0,52,2,27875,678,29,0.26,200000,1,0,0,0.117,0,1
1,58,1,20000,631,35,0.21,150000,1,0,0,0.146,0,0
0,23,2,24945,641,0,0.2,200000,0,1,0,0.274,0,0
1,54,3,39018,605,30,0.29,150000,3,0,0,0.137,1,1
1,60,1,20000,626,38,0.26,200000,1,0,1,0.239,0,0
1,64,4,50738,669,40,0.16,300000,1,1,1,0.267,1,1
1,64,3,38956,712,41,0.11,150000,0,0,1,0.069,1,1
1,53,3,37111,684,31,0.38,150000,1,0,0,0.167,1,1
1,39,3,40219,642,16,0.16,250000,2,0,1,0.265,1,1
1,38,2,27852,612,15,0.29,250000,3,1,1,0.188,0,0
0,55,2,24714,666,31,0.36,300000,4,0,0,0.168,0,1
0,60,3,38401,577,37,0.26,150000,1,0,1,0.266,0,1
1,28,2,26924,662,4,0.21,150000,4,0,1,0.288,0,0
1,63,2,25938,741,40,0.15,100000,0,0,0,0.146,1,1
1,56,1,20000,658,34,0.15,50000,0,0,1,0.341,1,1
1,51,3,38381,698,27,0.28,200000,2,0,1,0.057,1,1
0,33,2,27127,682,11,0.35,100000,0,0,1,0.079,0,1
0,56,2,24812,603,32,0.22,150000,0,0,0,0.164,0,0
1,32,1,20000,766,10,0.21,250000,4,0,0,0.173,1,1
1,65,4,53011,677,41,0.3,300000,2,0,1,0.177,1,1
1,25,2,25208,679,3,0.2,50000,0,0,1,0.157,0,0
0,46,3,40125,653,24,0.27,100000,2,0,1,0.142,0,1
0,53,2,24036,742,29,0.25,250000,3,0,1,0.182,0,1
1,41,3,40794,609,17,0.22,150000,3,0,1,0.153,1,1
1,52,2,25828,751,29,0.25,200000,1,0,0,0.255,1,1
0,25,3,40060,673,2,0.37,250000,2,0,1,0.202,0,1
0,59,2,27341,650,35,0.29,150000,2,0,1,0.182,0,1
1,22,2,26910,645,0,0.33,150000,2,0,0,0.194,0,0
1,24,3,39779,789,2,0.19,150000,2,1,1,0.289,1,1
1,58,3,40579,601,36,0.33,200000,1,0,1,0.161,1,1
0,43,3,38251,660,20,0.29,150000,1,0,0,0.098,0,1
1,38,4,53499,629,15,0.15,200000,4,0,1,0.122,1,1
1,35,2,27941,580,12,0.29,250000,1,0,1,0.181,0,0
0,62,4,53794,771,40,0.21,100000,0,0,1,0.239,1,1
1,56,1,20000,668,34,0.14,300000,2,0,0,0.27,0,0
0,34,3,40072,626,12,0.26,200000,0,0,1,0.332,0,1
1,56,2,24022,725,33,0.29,250000,1,1,0,0.259,1,1
1,64,2,25526,657,40,0.26,50000,0,0,1,0.129,1,1
0,23,2,27519,644,0,0.24,100000,2,0,0,0.184,0,0
1,34,2,24795,711,12,0.23,100000,4,0,0,0.027,1,1
0,37,1,20000,646,14,0.42,100000,2,0,1,0.175,0,0
1,39,2,24899,627,16,0.17,100000,0,0,1,0.152,0,0
1,28,1,20000,708,5,0.31,250000,4,0,1,0.02,0,0
0,57,2,26747,672,34,0.25,150000,1,0,0,0.369,0,1
1,62,1,20000,711,40,0.19,300000,1,0,1,0.17,1,1
0,51,1,20000,647,28,0.25,150000,1,0,0,0.031,0,0
1,63,1,20000,726,41,0.15,100000,4,0,0,0.178,1,1
1,62,2,27632,680,39,0.21,150000,0,0,1,0.332,1,1
1,28,3,40630,748,6,0.25,300000,2,0,0,0.353,1,1
1,36,4,52674,756,12,0.14,150000,1,1,0,0.205,1,1
0,61,1,20000,737,39,0.29,50000,0,0,1,0.208,0,1
0,40,3,40800,693,18,0.18,300000,4,1,1,0.298,0,1
1,64,3,38233,711,40,0.15,100000,2,1,1,0.188,1,1
1,58,2,25797,667,34,0.17,200000,2,0,1,0.237,1,1
0,23,3,39258,640,0,0.4,150000,0,0,0,0.267,0,0
0,63,2,24564,790,39,0.11,100000,2,0,0,0.114,0,1
1,34,2,27019,638,10,0.28,100000,3,0,1,0.323,0,0
1,61,2,25304,729,37,0.2,250000,1,0,0,0.13,1,1
1,62,1,20000,709,39,0.23,250000,2,0,1,0.149,1,1
0,64,3,38856,699,41,0.29,150000,4,0,0,0.208,0,1
1,64,2,24132,671,40,0.29,100000,3,0,1,0.275,1,1
1,52,2,24448,672,30,0.2,50000,1,0,0,0.254,1,1
0,37,2,26311,643,15,0.15,100000,2,1,0,0.196,0,0
1,63,3,38830,695,39,0.29,150000,2,0,1,0.223,1,1
1,65,3,39158,625,42,0.29,100000,0,1,0,0.286,1,1
1,27,3,40626,731,4,0.23,50000,2,0,1,0.201,1,1
1,49,2,24849,667,27,0.28,150000,4,0,1,0.135,1,1
1,53,2,25261,627,29,0.22,200000,4,0,1,0.152,1,1
1,65,2,27962,609,42,0.19,250000,3,0,0,0.273,1,1
1,31,1,20000,662,7,0.25,150000,0,1,1,0.135,0,0
0,39,2,24900,674,15,0.29,200000,4,0,1,0.075,0,1
0,25,2,24758,651,3,0.27,150000,2,0,1,0.176,0,0
0,30,2,25539,707,6,0.29,150000,0,0,1,0.194,0,1
1,28,4,51899,719,4,0.2,200000,2,0,1,0.269,1,1
1,29,3,39908,693,7,0.36,200000,3,1,1,0.083,1,1
1,64,1,20000,619,41,0.23,150000,0,0,0,0.228,0,0
1,28,1,20000,629,4,0.24,150000,3,0,1,0.292,0,0
1,62,1,20000,593,40,0.16,250000,4,0,0,0.135,0,0
0,61,3,40244,679,38,0.24,200000,0,0,1,0.207,0,1
1,24,3,39240,720,0,0.29,200000,3,0,0,0.028,1,1
1,38,4,50514,633,15,0.3,200000,4,0,0,0.27,1,1
1,23,2,26837,649,1,0.36,50000,0,0,1,0.264,0,0
0,36,3,37967,687,12,0.29,150000,0,0,0,0.198,0,1
1,50,2,25591,710,28,0.27,300000,1,0,0,0.094,1,1
0,43,3,40857,608,21,0.22,150000,1,0,1,0.253,0,1
1,25,3,40480,812,1,0.2,100000,2,0,1,0.18,1,1
0,27,3,40759,731,5,0.32,150000,1,0,0,0.02,0,1
0,59,2,27699,647,36,0.32,100000,4,0,1,0.262,0,1
1,47,3,37083,631,25,0.17,150000,4,0,1,0.293,1,1
1,32,2,27742,695,8,0.3,100000,1,0,0,0.307,0,0
1,47,1,20000,695,23,0.3,150000,1,0,1,0.098,0,0
1,38,1,20000,615,15,0.17,150000,2,0,0,0.047,0,0
0,45,2,25601,618,21,0.29,150000,2,0,0,0.167,0,0
0,49,2,27280,630,27,0.18,150000,1,0,1,0.241,0,1
0,56,1,20000,673,34,0.08,100000,0,0,1,0.125,0,1
0,52,2,25222,684,28,0.24,100000,0,0,1,0.073,0,1
1,34,2,25594,799,11,0.27,150000,0,0,0,0.258,1,1
1,56,2,24233,560,33,0.24,100000,3,0,1,0.172,0,0
0,37,2,25842,643,13,0.45,200000,0,1,1,0.25,0,0
1,36,1,20000,640,14,0.28,200000,0,1,1,0.201,0,0
0,64,1,20000,696,40,0.26,100000,2,0,1,0.187,0,1
1,39,1,20000,698,15,0.28,50000,0,0,1,0.195,0,0
1,58,3,38589,679,35,0.22,50000,0,0,1,0.171,1,1
0,62,2,25469,763,40,0.32,150000,2,0,1,0.163,0,1
1,48,3,39896,628,25,0.28,100000,2,0,1,0.112,1,1
0,56,2,24392,641,33,0.27,50000,0,0,0,0.239,0,1
0,56,4,50008,627,34,0.21,150000,1,0,0,0.3,0,1
0,49,2,24612,671,27,0.14,300000,1,0,1,0.16,0,1
0,60,1,20000,651,38,0.21,200000,1,0,1,0.349,0,1
0,59,1,20000,713,35,0.27,250000,2,0,0,0.23,0,1
0,30,2,24714,781,8,0.22,100000,0,0,0,0.221,0,1
1,33,3,38927,771,9,0.27,50000,1,1,1,0.252,1,1
1,36,1,20000,602,13,0.23,50000,2,0,1,0.278,0,0
0,42,2,24109,682,20,0.28,300000,4,0,1,0.164,0,1
1,56,3,37833,732,32,0.18,100000,3,0,1,0.244,1,1
1,63,2,24265,716,39,0.26,150000,1,1,0,0.284,1,1
1,54,1,20000,797,30,0.21,150000,1,0,1,0.17,1,1
0,40,1,20000,657,16,0.14,200000,1,0,0,0.2,0,0
0,44,1,20000,674,21,0.24,100000,3,0,1,0.139,0,0
1,34,4,50975,823,12,0.36,150000,3,0,1,0.161,1,1
0,65,3,38618,713,43,0.15,300000,1,1,1,0.172,0,1
0,22,3,37954,657,0,0.26,150000,0,0,0,0.128,0,0
0,50,4,53486,646,28,0.31,150000,1,0,0,0.195,0,1
0,45,2,26954,691,23,0.41,150000,0,0,1,0.226,0,1
0,37,2,25669,738,15,0.22,200000,4,0,0,0.234,0,1
1,46,2,25349,737,22,0.21,100000,0,0,0,0.135,1,1
0,44,3,39719,642,22,0.17,100000,0,0,0,0.151,0,1
1,49,3,38574,695,25,0.33,200000,3,0,0,0.268,1,1
0,37,2,26223,655,14,0.19,150000,0,0,1,0.151,0,1
0,64,2,26572,671,40,0.22,250000,0,0,1,0.266,0,1
1,59,4,53386,749,36,0.12,200000,1,0,0,0.141,1,1
1,32,1,20000,667,10,0.31,150000,2,0,0,0.23,0,0
0,24,3,39999,725,1,0.33,50000,1,0,0,0.26,0,1
1,36,1,20000,707,13,0.31,200000,1,0,1,0.02,0,0
0,22,2,27624,646,0,0.14,200000,0,0,1,0.269,0,0
1,28,2,27255,747,4,0.29,200000,2,1,0,0.304,0,0
1,22,3,38058,629,0,0.13,100000,1,0,1,0.175,1,1
0,53,2,25957,610,30,0.25,300000,3,0,1,0.228,0,1
0,30,2,26552,653,8,0.26,100000,1,0,0,0.133,0,0
0,50,3,37848,636,26,0.27,100000,1,0,1,0.229,0,1
1,47,3,37962,723,24,0.29,300000,2,1,1,0.397,1,1
0,44,3,38825,830,20,0.25,200000,0,1,1,0.024,0,1
0,64,1,20000,732,42,0.11,150000,0,0,1,0.16,0,1
0,50,4,52519,655,28,0.29,300000,2,0,0,0.264,0,1
0,59,1,20000,615,36,0.26,50000,0,0,0,0.301,0,0
0,54,2,27817,733,32,0.19,50000,2,1,1,0.089,0,1
1,28,1,20000,604,5,0.14,200000,0,0,0,0.149,0,0
1,33,2,26927,625,9,0.36,100000,3,0,0,0.154,0,0
0,52,4,53354,720,28,0.34,250000,4,0,1,0.148,1,1
1,53,2,27887,650,30,0.3,250000,1,0,1,0.191,1,1
0,41,2,27607,686,18,0.2,100000,1,1,0,0.086,0,0
1,38,3,39321,671,15,0.07,250000,1,0,0,0.18,1,1
0,57,3,40610,688,33,0.3,50000,3,0,0,0.125,0,1
0,24,3,39101,738,0,0.28,150000,0,0,0,0.194,0,1
1,22,2,27126,714,0,0.22,300000,2,0,1,0.144,1,1
1,48,3,37887,740,26,0.33,250000,2,1,1,0.186,1,1
1,61,2,24744,715,37,0.31,150000,1,0,1,0.117,1,1
0,54,4,52324,738,30,0.26,100000,0,0,0,0.276,1,1
0,41,2,27514,679,18,0.25,100000,0,0,1,0.174,0,1
1,35,3,39930,610,11,0.25,150000,3,0,1,0.201,1,1
0,57,1,20000,664,33,0.3,150000,0,0,1,0.188,0,0
1,26,2,26679,697,4,0.19,50000,2,0,1,0.201,1,1
1,44,1,20000,674,22,0.28,150000,1,0,1,0.2,0,0
0,36,2,26617,703,13,0.19,250000,0,0,1,0.264,0,1
1,27,2,27326,793,5,0.34,150000,1,0,0,0.177,1,1
1,54,3,37175,662,31,0.29,100000,3,0,1,0.142,1,1
1,40,1,20000,647,16,0.2,300000,2,0,1,0.203,0,0
1,34,3,40217,756,10,0.26,100000,2,0,1,0.151,1,1
1,50,1,20000,676,27,0.19,200000,2,0,1,0.194,1,1
1,27,2,25687,705,5,0.36,100000,2,1,1,0.116,0,0
0,36,3,38408,657,14,0.36,150000,1,1,1,0.284,0,0
1,37,3,37261,649,13,0.3,150000,4,0,0,0.138,1,1
1,45,2,24530,613,23,0.36,150000,1,1,1,0.296,0,0
1,44,1,20000,679,21,0.26,150000,2,0,1,0.195,0,0
1,31,3,38394,636,7,0.3,100000,1,0,1,0.268,1,1
0,62,2,25706,619,40,0.34,150000,1,0,0,0.139,0,0
0,62,2,26938,716,38,0.25,150000,0,0,1,0.043,0,1
1,38,3,40975,655,14,0.25,100000,0,1,1,0.068,0,0
0,65,2,25220,613,43,0.32,300000,2,0,1,0.4,0,1
0,51,1,20000,598,28,0.3,250000,0,0,1,0.152,0,0
0,65,4,50584,750,43,0.2,250000,1,0,1,0.288,1,1
1,31,3,39862,684,9,0.1,200000,3,0,1,0.096,1,1
1,40,1,20000,648,18,0.24,100000,2,0,0,0.214,0,0
1,50,2,27355,689,28,0.1,150000,0,0,1,0.228,1,1
0,23,1,20000,674,1,0.18,250000,2,0,1,0.427,0,0
1,57,3,38155,660,35,0.19,50000,0,0,0,0.175,1,1
0,40,3,40191,671,17,0.21,150000,2,0,1,0.143,0,1
1,28,1,20000,710,4,0.31,150000,1,0,1,0.228,0,0
1,47,1,20000,715,24,0.32,100000,0,0,0,0.126,0,0
0,36,1,20000,623,14,0.29,150000,0,0,0,0.233,0,0
1,59,2,26620,750,36,0.29,300000,0,0,1,0.196,1,1
1,24,3,39576,800,0,0.3,200000,0,0,1,0.14,1,1
0,59,1,20000,653,36,0.08,100000,0,0,0,0.24,0,0
0,37,2,24531,662,15,0.25,150000,4,1,1,0.209,0,0
0,23,2,25231,630,0,0.12,100000,1,0,1,0.261,0,0
0,52,2,25993,643,30,0.29,150000,3,0,1,0.332,0,1
0,49,2,25697,697,27,0.1,250000,1,0,0,0.16,0,1
0,28,2,27370,807,4,0.24,150000,2,1,1,0.167,0,1
1,51,3,38545,730,27,0.29,200000,0,0,0,0.092,1,1
1,64,4,53165,681,42,0.17,150000,0,0,1,0.242,1,1
1,28,4,51437,676,5,0.32,150000,1,0,1,0.148,1,1
1,57,2,24370,643,33,0.29,200000,3,0,0,0.228,1,1
0,50,3,37408,748,27,0.28,200000,0,0,0,0.293,0,1
0,45,4,51406,686,22,0.3,200000,1,0,1,0.145,0,1
0,60,1,20000,694,36,0.22,300000,0,1,1,0.162,0,0
1,25,1,20000,656,2,0.26,200000,1,0,1,0.281,0,0
0,50,1,20000,786,26,0.25,200000,2,0,1,0.257,0,1
1,65,2,27690,650,41,0.25,250000,2,0,0,0.248,1,1
0,26,3,37616,651,2,0.2,100000,0,0,1,0.169,0,1
0,50,2,24070,653,26,0.16,150000,0,0,1,0.085,0,1
1,51,2,24083,703,28,0.23,150000,1,0,1,0.143,1,1
1,50,2,26256,758,27,0.22,150000,4,0,0,0.119,1,1
1,47,1,20000,693,23,0.2,250000,1,0,1,0.247,1,1
0,40,2,27310,718,16,0.31,50000,1,0,1,0.223,0,1
0,47,1,20000,701,23,0.17,100000,1,1,0,0.152,0,0
0,58,1,20000,578,34,0.24,250000,0,0,0,0.166,0,0
1,48,3,37931,689,26,0.33,50000,2,0,0,0.238,1,1
1,51,3,39329,672,28,0.31,100000,0,0,0,0.174,1,1
0,51,3,37393,682,28,0.34,150000,2,0,1,0.154,0,1
0,24,3,39465,644,0,0.21,200000,1,0,0,0.358,0,0
1,64,3,40277,737,42,0.3,150000,2,1,1,0.156,1,1
1,28,3,40335,692,6,0.18,300000,0,1,1,0.253,1,1
0,30,3,38334,692,8,0.23,100000,3,0,1,0.231,0,1
1,62,3,39906,681,38,0.24,250000,0,0,0,0.078,1,1
1,63,2,25929,645,41,0.21,100000,2,1,1,0.146,1,1
1,34,2,25720,581,10,0.22,100000,2,0,0,0.266,0,0
1,36,3,37625,704,14,0.22,150000,1,0,0,0.189,1,1
0,26,2,27150,686,2,0.18,50000,1,0,1,0.083,0,1
0,50,2,25892,709,26,0.31,150000,4,1,0,0.232,0,0
0,56,2,27413,683,33,0.24,150000,0,0,1,0.153,0,1
1,48,2,25836,620,24,0.26,100000,4,0,1,0.235,0,0
1,48,4,50561,656,26,0.26,250000,0,0,1,0.415,1,1
1,29,2,26879,753,6,0.25,150000,1,0,0,0.231,1,1
1,53,2,27166,697,31,0.26,300000,0,0,1,0.249,1,1
0,41,1,20000,714,17,0.23,250000,0,0,1,0.18,0,1
1,31,3,37940,740,8,0.35,100000,0,0,0,0.11,1,1
1,34,2,27422,625,10,0.3,150000,0,0,0,0.282,0,0
1,50,3,39109,671,26,0.25,150000,4,0,0,0.152,1,1
1,56,3,38165,727,34,0.22,200000,2,0,0,0.182,1,1
1,29,2,25865,635,7,0.24,250000,0,0,1,0.343,0,0
1,50,1,20000,647,28,0.28,200000,0,0,1,0.173,0,0
0,52,1,20000,641,29,0.35,50000,2,0,0,0.297,0,0
1,62,3,40182,649,40,0.15,150000,1,0,0,0.231,1,1
1,51,3,38639,682,27,0.3,250000,3,0,0,0.156,1,1
0,43,2,25550,653,20,0.33,200000,1,0,0,0.227,0,0
0,42,1,20000,648,20,0.15,250000,2,0,0,0.143,0,0
0,33,1,20000,684,11,0.24,200000,2,0,0,0.272,0,0
0,32,3,40228,744,10,0.18,50000,2,0,0,0.3,0,1
1,23,1,20000,712,0,0.28,300000,0,1,1,0.204,0,0
1,62,1,20000,679,40,0.22,250000,1,1,1,0.307,0,0
1,23,2,26056,770,0,0.24,100000,0,1,1,0.213,1,1
0,55,3,39323,726,32,0.22,50000,2,0,1,0.273,0,1
0,24,3,39274,734,2,0.3,150000,1,1,0,0.436,0,1
1,37,2,26233,671,13,0.27,200000,2,0,1,0.398,1,1
1,25,3,39638,668,3,0.27,150000,0,0,0,0.185,1,1
0,44,2,27287,700,22,0.26,100000,1,0,1,0.223,0,1
1,41,4,52480,749,18,0.29,150000,0,0,0,0.116,1,1
0,46,1,20000,679,23,0.23,100000,2,0,0,0.264,0,0
0,51,3,39703,655,27,0.37,150000,3,0,1,0.231,0,1
0,39,2,24355,609,15,0.16,200000,2,0,0,0.138,0,0
0,63,1,20000,583,39,0.13,250000,4,0,0,0.295,0,0
0,32,3,39040,692,9,0.12,150000,4,0,0,0.179,0,1
1,50,2,24391,724,26,0.1,200000,2,0,1,0.158,1,1
0,38,2,24578,553,15,0.3,200000,0,0,0,0.232,0,0
0,47,2,27346,646,24,0.29,150000,0,0,1,0.163,0,1
1,44,2,27565,637,22,0.33,100000,1,0,1,0.197,0,0
1,41,2,25640,700,19,0.18,150000,4,0,0,0.34,1,1
1,23,2,27522,643,0,0.3,100000,1,0,1,0.151,0,0
1,45,3,39467,622,22,0.25,250000,0,0,1,0.254,1,1
0,52,3,39008,656,29,0.26,250000,4,0,1,0.153,0,1
0,48,1,20000,627,25,0.29,150000,1,0,0,0.122,0,0
1,23,2,24163,680,1,0.2,250000,2,1,0,0.193,0,0
1,35,4,52826,688,12,0.43,250000,2,0,1,0.415,1,1
0,25,1,20000,694,1,0.34,250000,3,0,0,0.263,0,0
1,34,2,24637,679,10,0.21,100000,3,0,0,0.237,0,0
1,57,3,40663,745,35,0.17,200000,3,0,0,0.158,1,1
0,56,3,40254,665,32,0.24,150000,2,0,1,0.169,0,1
1,65,1,20000,704,42,0.26,200000,1,1,0,0.081,0,0
1,29,2,26064,697,6,0.32,100000,2,0,1,0.344,1,1
1,23,2,26493,663,0,0.17,200000,3,0,0,0.222,0,0
1,27,4,50169,737,5,0.27,150000,1,0,1,0.215,1,1
0,52,1,20000,625,29,0.14,250000,0,0,1,0.216,0,0
1,31,4,53984,768,8,0.28,200000,1,0,0,0.367,1,1
1,65,2,27887,637,43,0.24,100000,2,0,0,0.224,1,1
0,42,2,24339,606,19,0.39,100000,0,0,0,0.185,0,0
0,63,2,24725,601,39,0.14,200000,2,0,0,0.344,0,1
1,31,3,40781,695,7,0.35,150000,0,0,1,0.19,1,1
1,44,2,27590,648,22,0.13,150000,0,0,1,0.065,1,1
0,24,2,25933,689,2,0.16,200000,0,1,1,0.078,0,0
1,53,3,38034,629,29,0.13,250000,2,1,1,0.185,1,1
1,41,4,53595,726,19,0.27,100000,0,0,1,0.223,1,1
0,31,2,25645,690,7,0.17,150000,1,0,1,0.266,0,1
0,50,1,20000,644,28,0.16,250000,4,0,0,0.127,0,0
0,62,3,39948,724,38,0.26,250000,3,0,1,0.182,0,1
0,55,3,39687,721,32,0.28,100000,3,0,1,0.135,0,1
0,58,1,20000,675,35,0.25,50000,2,0,1,0.289,0,1
1,41,4,53637,748,17,0.24,100000,3,0,1,0.303,1,1
0,29,1,20000,731,6,0.38,300000,2,0,1,0.357,0,0
1,28,3,37953,646,4,0.26,150000,4,0,1,0.228,1,1
1,27,2,26126,742,5,0.31,150000,0,0,1,0.349,1,1
0,32,2,24345,630,9,0.26,50000,0,0,1,0.145,0,0
0,65,2,24608,722,42,0.17,50000,0,1,1,0.217,0,1
1,39,3,40320,742,16,0.29,200000,4,0,1,0.115,1,1
0,63,4,50638,690,39,0.2,150000,2,0,1,0.246,1,1
1,50,2,27613,677,27,0.24,150000,1,1,0,0.223,0,0
1,46,2,25047,663,24,0.27,50000,1,0,1,0.02,1,1
1,42,2,25494,634,19,0.11,150000,3,0,1,0.289,1,1
0,24,4,51224,664,2,0.14,200000,4,0,0,0.268,0,1
0,39,4,52178,727,16,0.31,100000,2,0,0,0.156,0,1
1,45,3,40705,737,22,0.2,250000,2,0,0,0.222,1,1
0,59,2,26403,679,37,0.21,100000,1,0,1,0.081,0,1
1,31,4,52991,644,8,0.26,100000,1,0,0,0.138,1,1
0,48,1,20000,606,26,0.22,150000,3,0,1,0.334,0,0
1,33,2,24149,674,11,0.28,300000,2,0,1,0.108,1,1
1,28,2,25549,650,6,0.25,100000,2,0,0,0.201,0,0
0,38,2,25327,745,15,0.26,200000,0,0,0,0.088,0,1
1,22,3,38564,651,0,0.2,150000,0,1,1,0.227,0,0
1,47,3,37049,722,25,0.26,100000,0,0,1,0.245,1,1
0,36,1,20000,635,13,0.33,100000,2,0,0,0.258,0,0
0,54,2,27311,664,30,0.21,300000,1,0,1,0.237,0,1
1,58,2,25505,689,36,0.31,100000,4,0,1,0.314,1,1
1,52,2,27977,708,30,0.25,200000,2,1,1,0.156,1,1
1,56,2,26502,703,32,0.3,300000,0,0,0,0.115,1,1
1,22,1,20000,639,0,0.26,50000,0,0,0,0.153,0,0
1,29,3,37334,695,7,0.25,150000,3,0,1,0.092,1,1
0,33,3,38375,669,9,0.27,100000,1,0,0,0.206,0,1
0,40,4,50667,621,18,0.33,100000,2,0,0,0.189,0,1
1,46,4,51672,712,23,0.27,50000,2,0,0,0.238,1,1
1,53,3,39374,759,29,0.28,200000,0,1,1,0.071,1,1
1,33,1,20000,754,11,0.22,200000,0,0,0,0.199,1,1
1,34,3,37335,707,12,0.36,200000,1,0,0,0.297,1,1
0,49,2,24665,693,27,0.29,250000,1,0,1,0.246,0,1
1,22,3,40042,545,0,0.26,100000,2,0,0,0.048,0,0
1,27,2,24080,830,4,0.24,100000,2,0,0,0.199,1,1
0,29,3,39134,768,6,0.32,150000,4,0,1,0.141,0,1
1,25,2,25799,721,1,0.21,100000,3,0,1,0.201,1,1
0,26,1,20000,673,4,0.13,100000,1,0,1,0.17,0,0
1,46,2,24990,557,24,0.26,150000,1,0,0,0.339,0,0
0,43,1,20000,680,21,0.33,250000,2,0,0,0.207,0,0
0,49,4,51715,701,25,0.36,300000,0,0,1,0.225,0,1
0,60,2,26745,602,36,0.24,100000,4,0,1,0.196,0,1
0,44,2,24122,704,22,0.25,250000,1,0,0,0.238,0,1
1,25,4,53960,768,3,0.29,250000,3,0,1,0.183,1,1
1,25,3,40167,708,3,0.23,150000,4,0,0,0.262,1,1
0,42,2,24604,698,18,0.29,50000,2,0,0,0.169,0,1
0,58,2,26562,702,34,0.24,300000,0,0,0,0.31,0,1
1,62,2,24903,662,39,0.32,200000,2,0,1,0.24,1,1
1,23,3,40514,731,1,0.3,300000,2,0,0,0.188,1,1
1,28,3,38537,773,6,0.31,150000,2,0,0,0.267,1,1
1,37,4,51981,702,14,0.24,150000,0,0,1,0.239,1,1
1,38,1,20000,628,16,0.38,100000,1,0,0,0.266,0,0
0,41,2,26352,603,18,0.28,300000,4,0,0,0.207,0,0
1,44,1,20000,697,20,0.27,100000,4,1,0,0.181,0,0
1,55,3,40219,723,32,0.2,50000,0,0,1,0.211,1,1
0,32,1,20000,690,9,0.24,150000,3,1,0,0.16,0,0
0,55,1,20000,657,31,0.26,150000,0,1,1,0.278,0,0
0,54,2,25865,695,32,0.19,100000,3,0,0,0.318,0,1
0,47,2,27944,650,24,0.23,200000,0,0,0,0.246,0,1
1,23,3,38941,650,0,0.24,150000,4,0,1,0.313,1,1
0,44,2,26309,625,22,0.25,150000,2,0,1,0.29,0,0
1,62,2,25597,625,39,0.13,50000,1,0,0,0.179,1,1
1,43,2,24490,709,19,0.24,150000,0,0,1,0.267,1,1
0,55,3,39785,675,32,0.22,100000,0,0,0,0.097,0,1
0,36,2,25054,642,14,0.25,100000,2,0,1,0.215,0,0
1,31,2,24701,605,9,0.32,200000,3,0,1,0.105,0,0
1,36,2,26934,716,13,0.39,100000,2,0,0,0.191,1,1
1,63,1,20000,728,41,0.3,100000,3,1,1,0.085,1,1
1,50,3,39059,633,28,0.16,150000,2,0,1,0.288,1,1
1,44,1,20000,663,21,0.23,100000,4,0,0,0.168,0,0
0,38,4,51423,648,15,0.29,100000,2,0,0,0.273,0,1
1,30,2,25560,672,8,0.28,200000,0,0,1,0.194,0,0
0,57,4,51941,733,34,0.32,200000,2,1,0,0.052,0,1
0,30,3,39138,779,6,0.24,200000,1,0,1,0.161,0,1
0,37,2,24599,655,14,0.22,150000,4,0,1,0.158,0,0
0,57,3,40915,728,35,0.37,150000,1,0,1,0.199,0,1
1,54,2,27572,719,30,0.25,200000,0,0,1,0.321,1,1
1,52,2,25809,671,30,0.18,100000,0,0,0,0.334,1,1
0,27,2,26348,743,5,0.35,100000,2,1,1,0.182,0,0
0,31,2,25134,661,7,0.15,200000,0,0,0,0.099,0,0
0,37,3,37079,713,14,0.01,150000,4,0,1,0.14,0,1
1,25,2,24835,648,3,0.3,200000,0,0,0,0.238,0,0
0,43,3,37651,719,20,0.31,100000,0,1,0,0.191,0,1
1,34,2,26480,703,11,0.28,100000,0,0,0,0.074,1,1
0,37,2,24416,745,13,0.16,250000,0,0,0,0.16,0,1
0,50,4,53285,800,28,0.25,150000,1,0,0,0.305,1,1
1,27,3,38470,740,3,0.23,150000,1,1,1,0.223,1,1
0,47,3,39065,726,23,0.21,50000,0,0,1,0.204,0,1
1,32,3,38077,668,10,0.35,100000,0,0,1,0.169,1,1
1,45,4,51903,575,23,0.18,50000,1,0,0,0.163,1,1
1,50,2,27680,751,26,0.27,150000,2,0,0,0.244,1,1
0,24,3,40866,792,0,0.33,300000,1,0,1,0.211,0,1
0,31,2,24745,697,7,0.28,250000,0,0,0,0.262,0,0
0,22,1,20000,614,0,0.34,200000,1,0,1,0.244,0,0
1,64,1,20000,745,42,0.29,250000,2,1,0,0.202,1,1
0,47,2,26893,740,23,0.28,150000,1,1,1,0.231,0,1
0,33,2,25944,567,11,0.28,150000,2,0,0,0.153,0,0
1,35,4,52465,707,13,0.29,100000,4,1,0,0.196,1,1
0,46,3,37855,703,24,0.22,200000,0,0,1,0.307,0,1
1,29,2,27557,591,6,0.16,100000,0,0,0,0.201,0,0
0,64,1,20000,610,41,0.32,150000,0,0,1,0.183,0,0
1,25,2,27637,740,1,0.33,250000,1,0,0,0.217,1,1
1,49,2,26646,683,26,0.27,100000,0,1,1,0.107,0,0
1,28,3,38796,637,4,0.21,100000,1,1,0,0.218,0,0
0,31,1,20000,633,7,0.14,100000,4,0,1,0.336,0,0
1,57,2,27194,613,35,0.26,150000,0,0,1,0.135,1,1
1,23,4,50419,704,0,0.16,100000,1,0,1,0.221,1,1
0,47,3,40637,731,23,0.15,150000,2,1,1,0.198,0,1
0,35,3,39263,754,11,0.25,100000,0,0,1,0.196,0,1
1,37,3,40491,653,13,0.2,150000,0,0,1,0.195,1,1
1,64,2,24708,660,42,0.27,100000,2,0,0,0.257,1,1
1,63,1,20000,697,41,0.24,300000,0,1,1,0.112,0,0
1,38,3,40013,742,14,0.21,150000,3,0,0,0.255,1,1
0,43,3,40948,710,20,0.13,200000,0,0,0,0.206,0,1
0,25,2,27299,749,2,0.19,200000,1,0,1,0.059,0,1
0,40,1,20000,769,16,0.19,150000,2,0,1,0.23,0,1
1,23,3,38667,600,1,0.16,100000,0,0,0,0.209,0,0
0,60,1,20000,753,36,0.23,150000,0,0,1,0.13,0,1
0,30,1,20000,741,6,0.17,200000,0,0,1,0.213,0,1
0,40,2,26880,615,18,0.24,150000,3,0,1,0.095,0,0
0,37,2,27540,705,14,0.27,50000,2,0,1,0.145,0,1
0,46,1,20000,704,22,0.19,50000,0,0,0,0.203,0,0
0,39,1,20000,610,17,0.28,100000,2,0,1,0.065,0,0
1,44,3,40620,686,22,0.15,100000,2,0,0,0.108,1,1
0,42,2,27650,688,18,0.17,250000,4,0,1,0.12,0,1
1,32,2,24622,620,10,0.24,100000,1,0,1,0.206,0,0
0,60,2,25438,661,36,0.3,150000,3,0,1,0.235,0,1
1,62,4,50218,777,39,0.31,200000,1,0,1,0.129,1,1
0,25,1,20000,762,1,0.36,200000,3,0,1,0.124,0,0
0,46,1,20000,609,23,0.22,150000,0,0,1,0.211,0,0
1,53,3,39134,543,31,0.24,100000,0,0,1,0.209,1,1
1,51,1,20000,738,27,0.18,100000,3,0,0,0.144,1,1
0,47,2,26862,780,25,0.16,150000,3,0,0,0.346,0,1
0,57,2,26458,728,33,0.27,150000,1,1,1,0.215,0,1
1,55,4,50690,684,33,0.2,150000,2,0,1,0.186,1,1
1,30,4,53987,640,7,0.34,100000,1,0,1,0.169,1,1
0,33,4,52029,733,9,0.15,250000,0,0,1,0.281,1,1
1,23,1,20000,728,1,0.28,50000,0,0,0,0.244,0,0
1,59,3,39572,653,35,0.18,150000,0,1,0,0.061,1,1
1,26,1,20000,685,2,0.19,300000,2,0,1,0.144,0,0
1,26,3,39347,666,3,0.29,200000,0,0,1,0.164,1,1
1,43,3,39455,731,21,0.2,150000,0,0,0,0.199,1,1
1,26,1,20000,556,2,0.21,100000,4,1,1,0.25,0,0
1,25,3,37374,711,1,0.19,300000,0,0,1,0.114,1,1
1,30,1,20000,649,6,0.37,50000,2,0,1,0.194,0,0
1,50,2,27834,780,26,0.21,200000,3,0,1,0.336,1,1
1,43,4,51922,717,19,0.25,250000,0,0,1,0.202,1,1
1,48,1,20000,708,26,0.24,50000,0,0,0,0.144,1,1
0,31,1,20000,618,7,0.27,200000,2,0,1,0.093,0,0
1,37,2,26697,667,13,0.21,300000,1,0,0,0.161,0,0
1,63,3,40008,711,39,0.24,200000,1,0,1,0.114,1,1
1,63,1,20000,650,41,0.28,150000,2,0,0,0.168,0,0
1,31,2,27963,666,7,0.19,250000,4,0,1,0.243,0,0
0,27,4,52233,714,3,0.33,150000,0,1,1,0.203,0,1
0,26,1,20000,575,3,0.33,200000,2,0,0,0.162,0,0
0,27,2,26125,651,4,0.29,150000,0,0,1,0.057,0,0
0,46,3,38504,733,22,0.25,50000,1,1,0,0.267,0,1
0,25,2,27457,658,1,0.04,100000,0,0,0,0.172,0,0
1,61,3,37193,818,38,0.28,50000,1,0,1,0.209,1,1
1,53,1,20000,674,31,0.22,50000,3,0,1,0.127,1,1
1,56,4,53688,598,34,0.23,50000,0,1,0,0.167,1,1
1,31,4,51399,724,8,0.12,150000,0,0,1,0.154,1,1
1,55,1,20000,611,31,0.28,100000,1,0,1,0.093,0,0
0,57,1,20000,688,34,0.15,250000,0,0,0,0.127,0,1
1,27,4,51505,668,5,0.26,200000,2,0,1,0.199,1,1
0,64,2,25746,652,41,0.31,150000,2,0,1,0.224,0,1
0,37,2,24249,736,15,0.22,150000,3,0,0,0.145,0,1
1,40,3,40876,602,16,0.34,100000,2,0,1,0.104,1,1
1,55,3,38224,663,31,0.2,150000,1,0,1,0.171,1,1
1,46,3,37535,657,22,0.29,200000,0,0,1,0.262,1,1
1,52,1,20000,743,30,0.16,200000,2,0,1,0.125,1,1
1,62,2,26347,660,39,0.32,50000,1,0,1,0.201,1,1
1,38,3,40549,638,14,0.31,200000,4,1,0,0.147,0,0
1,51,3,38106,702,29,0.28,200000,4,0,1,0.29,1,1
1,60,3,39856,640,36,0.22,150000,3,0,0,0.159,1,1
0,52,4,50457,658,29,0.15,100000,1,0,0,0.253,0,1
0,40,3,39738,727,16,0.22,150000,1,0,1,0.281,0,1
0,56,2,27369,522,34,0.33,150000,3,1,1,0.323,0,0
1,50,3,38387,636,28,0.26,150000,2,0,0,0.092,1,1
1,22,2,26765,642,0,0.14,150000,2,0,1,0.088,0,0
0,25,1,20000,754,1,0.17,50000,0,0,1,0.293,0,1
1,49,2,27887,704,27,0.34,100000,3,0,0,0.28,1,1
1,39,3,40696,688,15,0.28,50000,2,1,1,0.151,1,1
0,47,4,53411,694,23,0.16,100000,1,0,1,0.02,0,1
0,61,2,25539,686,37,0.13,100000,3,0,1,0.206,0,1
1,40,2,26155,693,17,0.21,100000,1,0,1,0.079,1,1
1,27,2,27387,686,4,0.12,100000,2,0,0,0.134,0,0
1,22,3,40185,797,0,0.24,200000,1,0,1,0.214,1,1
1,29,3,40238,665,5,0.42,200000,2,0,0,0.225,1,1
1,54,2,24260,689,32,0.14,100000,0,0,0,0.327,1,1
1,64,3,38641,692,40,0.24,100000,1,0,1,0.17,1,1
1,42,2,25247,731,18,0.34,250000,2,0,1,0.122,1,1
0,45,2,27333,641,22,0.3,200000,1,1,1,0.273,0,0
0,46,2,27322,659,24,0.24,100000,3,0,0,0.23,0,1
0,64,4,52573,616,41,0.24,200000,1,0,0,0.171,0,1
1,40,1,20000,724,18,0.17,150000,3,0,1,0.203,1,1
1,50,3,37125,606,26,0.23,150000,1,1,1,0.17,0,0
1,31,2,25229,709,7,0.27,300000,2,1,1,0.255,0,0
1,33,2,27211,772,9,0.33,100000,0,0,1,0.335,1,1
1,54,2,27133,785,32,0.21,300000,0,0,1,0.142,1,1
0,28,2,25306,663,5,0.24,100000,2,0,1,0.234,0,0
0,38,2,26101,660,15,0.18,150000,0,0,1,0.078,0,1
1,31,3,39393,685,8,0.27,150000,4,0,1,0.114,1,1
1,52,2,27595,729,30,0.3,200000,0,0,1,0.245,1,1
0,27,3,37135,682,5,0.29,50000,3,1,1,0.194,0,0
1,38,2,26377,664,14,0.17,200000,1,0,0,0.111,0,0
1,58,2,27215,738,35,0.26,200000,2,0,1,0.201,1,1
1,39,2,25459,682,17,0.2,150000,0,0,0,0.27,1,1
0,47,4,53353,691,24,0.32,50000,1,0,1,0.084,0,1
0,37,2,24135,631,14,0.24,100000,0,0,1,0.34,0,0
1,29,2,27560,736,7,0.14,200000,1,0,1,0.246,1,1
0,45,4,50812,713,23,0.23,250000,2,0,0,0.247,0,1
0,34,1,20000,669,10,0.28,150000,2,0,0,0.2,0,0
1,50,3,37851,587,26,0.27,150000,3,0,0,0.34,1,1
1,53,1,20000,722,29,0.21,100000,1,1,1,0.277,0,0
1,45,3,38938,627,22,0.21,150000,0,0,0,0.171,1,1
0,37,1,20000,694,14,0.18,100000,1,0,1,0.261,0,0
1,32,4,50870,657,8,0.22,200000,3,0,1,0.141,1,1
0,53,2,26939,620,30,0.19,300000,0,0,0,0.178,0,0
1,27,2,25472,731,4,0.32,200000,2,0,1,0.317,1,1
0,56,1,20000,675,33,0.19,100000,0,0,1,0.231,0,1
1,54,2,25651,682,31,0.26,150000,0,0,0,0.253,1,1
0,39,3,37668,797,17,0.25,50000,2,0,1,0.294,1,1
0,58,2,25293,786,36,0.32,100000,1,0,1,0.244,0,1
0,34,2,27088,666,10,0.33,100000,1,0,0,0.135,0,0
0,31,2,24268,608,7,0.3,100000,2,0,1,0.333,0,0
1,58,2,24860,757,35,0.27,200000,0,0,1,0.241,1,1
0,47,1,20000,596,24,0.18,150000,0,1,0,0.247,0,0
1,38,1,20000,696,16,0.18,300000,2,0,0,0.204,0,0
1,22,3,40390,675,0,0.19,100000,1,0,1,0.289,1,1
1,46,4,51261,704,23,0.3,150000,0,0,1,0.353,1,1
1,55,2,27616,747,31,0.26,100000,2,0,1,0.17,1,1
1,60,3,39332,646,37,0.31,100000,2,0,0,0.285,1,1
0,31,1,20000,636,9,0.32,300000,0,0,1,0.203,0,0
1,41,2,24102,721,18,0.2,150000,2,0,1,0.04,1,1
0,28,2,27794,778,5,0.25,300000,1,0,0,0.088,0,1
1,37,2,25453,816,14,0.25,150000,0,1,1,0.234,1,1
1,58,2,24791,600,35,0.23,100000,2,0,1,0.281,1,1
1,50,4,51677,676,27,0.21,50000,2,0,1,0.249,1,1
0,33,4,50238,643,11,0.33,250000,4,0,0,0.262,0,1
0,38,1,20000,716,14,0.25,50000,2,0,0,0.407,0,0
0,41,2,26692,683,18,0.25,300000,1,0,1,0.242,0,1
0,47,4,53196,748,23,0.19,150000,0,1,1,0.179,0,1
1,40,2,25588,658,16,0.3,100000,3,0,1,0.19,1,1
1,33,3,40671,728,11,0.18,150000,3,0,0,0.331,1,1
0,42,2,27681,670,18,0.28,100000,0,0,0,0.098,0,0
1,63,2,24881,687,40,0.28,50000,0,1,1,0.299,1,1
1,55,1,20000,638,32,0.22,250000,2,0,1,0.201,0,0
1,28,3,40997,764,5,0.27,150000,2,0,1,0.133,1,1
0,56,4,52235,630,33,0.26,150000,0,0,1,0.084,0,1
0,36,2,24887,673,14,0.25,100000,2,0,1,0.318,0,1
1,22,3,38279,787,0,0.25,50000,0,0,0,0.131,1,1
1,47,2,27656,750,25,0.25,150000,0,0,1,0.205,1,1
0,56,1,20000,623,32,0.26,150000,1,0,0,0.122,0,0
0,46,3,37923,646,24,0.25,200000,1,1,1,0.357,0,1
1,63,2,27945,708,41,0.17,150000,3,0,1,0.208,1,1
0,36,2,24793,715,14,0.24,200000,1,0,0,0.092,0,1
1,43,2,26577,745,20,0.27,50000,0,0,0,0.166,1,1
1,27,4,50675,622,4,0.26,50000,3,0,0,0.311,1,1
0,36,3,39439,762,14,0.32,100000,0,0,0,0.122,0,1
0,45,3,38681,640,21,0.29,200000,2,0,0,0.171,0,1
1,42,1,20000,743,18,0.19,200000,2,0,1,0.295,1,1
0,28,3,38849,601,5,0.24,100000,0,1,0,0.227,0,0
0,50,2,25276,618,28,0.23,50000,0,1,1,0.102,0,0
0,53,4,50671,794,30,0.25,200000,3,0,0,0.218,1,1
0,53,1,20000,767,30,0.25,250000,2,0,1,0.188,0,1
0,26,2,27632,685,3,0.29,200000,0,1,1,0.204,0,0
1,25,2,27247,661,3,0.26,100000,3,0,0,0.276,0,0
1,43,3,39513,689,21,0.34,150000,1,0,1,0.219,1,1
1,39,3,37838,712,16,0.27,200000,1,0,1,0.193,1,1
1,56,2,27648,707,34,0.19,100000,2,1,1,0.189,1,1
0,38,2,27035,663,14,0.22,150000,2,0,0,0.286,0,0
1,45,3,38312,583,21,0.29,100000,1,0,1,0.142,1,1
1,23,1,20000,640,0,0.14,100000,0,0,1,0.027,0,0
1,34,3,37003,604,10,0.16,300000,2,0,1,0.182,1,1
1,36,4,51654,742,13,0.25,250000,2,0,1,0.23,1,1
1,26,1,20000,690,3,0.32,150000,3,0,1,0.167,0,0
0,24,1,20000,663,1,0.34,100000,1,1,1,0.158,0,0
1,58,2,27571,666,36,0.23,200000,2,1,1,0.171,1,1
0,58,1,20000,778,36,0.32,100000,0,1,0,0.198,0,1
0,58,2,27294,743,36,0.26,100000,3,0,1,0.096,0,1
1,24,3,38893,701,2,0.14,150000,1,0,1,0.253,1,1
1,56,2,27739,650,33,0.25,150000,2,0,0,0.02,1,1
1,44,1,20000,740,22,0.21,50000,3,1,0,0.243,0,0
0,49,3,38285,696,25,0.31,150000,3,0,0,0.225,0,1
0,51,3,40756,654,27,0.25,50000,2,0,1,0.24,0,1
1,39,4,50534,667,17,0.16,250000,2,0,1,0.046,1,1
1,57,1,20000,706,33,0.15,250000,4,0,1,0.223,1,1
0,54,3,40447,742,30,0.25,200000,3,0,1,0.157,0,1
1,47,4,51084,734,25,0.08,150000,2,0,1,0.328,1,1
1,61,2,25379,716,38,0.21,100000,2,0,1,0.229,1,1
0,38,2,27904,663,15,0.27,200000,0,0,0,0.106,0,0
0,61,1,20000,640,38,0.18,300000,1,0,1,0.065,0,0
0,28,3,37023,698,6,0.32,100000,1,0,0,0.151,0,1
0,29,2,25316,675,6,0.33,150000,1,0,0,0.265,0,0
0,52,4,50556,644,29,0.18,100000,2,1,0,0.292,0,1
1,33,3,39738,688,9,0.23,150000,0,0,1,0.215,1,1
0,52,2,24355,717,29,0.32,150000,0,0,1,0.206,0,1
0,65,2,26007,658,43,0.25,300000,1,0,1,0.173,0,1
0,40,1,20000,757,17,0.15,100000,1,0,0,0.198,0,1
1,31,2,26988,611,7,0.24,150000,1,0,1,0.297,0,0
1,60,3,37574,644,36,0.19,300000,4,1,0,0.172,1,1
1,33,3,37028,658,9,0.33,150000,2,0,1,0.253,1,1
1,41,2,26404,725,17,0.29,250000,1,0,1,0.158,1,1
1,58,3,37364,701,35,0.23,50000,0,0,1,0.281,1,1
0,62,2,26655,631,38,0.26,300000,2,1,0,0.246,0,0
0,28,2,24408,577,4,0.16,100000,2,0,1,0.278,0,0
1,35,2,27337,614,11,0.2,300000,1,0,1,0.351,0,0
0,32,2,25314,583,9,0.36,100000,0,1,0,0.02,0,0
1,28,4,52614,748,6,0.25,150000,0,0,0,0.26,1,1
1,50,3,38176,631,26,0.32,100000,0,0,1,0.238,1,1
1,31,2,24218,717,7,0.27,150000,1,0,1,0.236,1,1
1,50,2,26220,709,26,0.34,100000,2,0,0,0.219,1,1
1,30,1,20000,735,7,0.11,300000,3,0,1,0.219,1,1
1,57,2,27706,640,34,0.24,100000,1,0,1,0.227,1,1
1,31,3,38035,712,7,0.37,200000,2,0,0,0.272,1,1
0,40,4,51539,706,18,0.32,100000,4,0,0,0.266,0,1
1,52,3,40433,696,28,0.34,250000,2,0,1,0.198,1,1
0,38,2,24857,678,16,0.25,150000,2,0,0,0.185,0,0
0,30,2,25602,726,8,0.21,300000,3,1,0,0.202,0,0
0,54,1,20000,710,31,0.18,150000,1,0,1,0.167,0,1
0,55,1,20000,669,32,0.17,100000,0,0,1,0.342,0,1
1,45,2,25500,654,22,0.31,150000,4,0,0,0.098,0,0
1,30,2,27648,648,8,0.29,200000,1,0,1,0.26,0,0
0,28,2,25105,681,6,0.25,200000,2,1,0,0.26,0,0
1,37,3,38640,702,15,0.29,200000,3,0,0,0.158,1,1
0,40,3,38716,684,17,0.26,50000,1,0,0,0.224,0,1
0,60,2,27411,608,37,0.32,150000,1,0,0,0.301,0,0
0,27,3,39488,673,4,0.32,300000,1,0,1,0.174,0,1
0,32,2,24616,651,8,0.18,50000,0,0,1,0.305,0,0
0,33,2,24225,680,11,0.27,50000,0,0,1,0.289,0,1
0,63,3,39418,829,41,0.13,200000,1,0,1,0.143,1,1
1,34,2,24027,703,10,0.26,100000,0,0,0,0.111,1,1
0,33,4,53055,769,11,0.29,200000,1,0,1,0.213,1,1
1,42,1,20000,632,20,0.16,150000,0,0,0,0.101,0,0
1,31,2,24015,681,7,0.22,300000,2,0,0,0.02,0,0
0,41,2,27348,747,19,0.25,250000,3,0,0,0.161,0,1
1,57,3,37332,603,34,0.27,200000,2,0,0,0.374,1,1
1,49,3,37482,677,25,0.23,100000,1,0,0,0.164,1,1
1,45,3,40881,724,23,0.17,100000,4,0,0,0.23,1,1
0,26,3,37565,686,3,0.25,250000,0,0,1,0.256,0,1
1,58,2,27359,648,36,0.13,150000,1,1,1,0.197,1,1
0,33,2,26161,651,9,0.23,200000,0,0,0,0.173,0,0
1,56,3,39085,707,33,0.22,150000,1,0,1,0.298,1,1
0,61,2,24453,593,39,0.24,50000,0,0,1,0.203,0,1
0,23,4,53953,706,0,0.21,100000,0,0,1,0.193,0,1
1,62,1,20000,709,40,0.14,100000,0,1,0,0.264,0,0
1,60,2,24165,660,38,0.22,200000,1,0,1,0.118,1,1
1,63,2,26741,594,40,0.32,200000,1,0,0,0.099,0,0
0,30,3,39252,661,8,0.34,50000,2,0,1,0.07,0,1
0,43,4,50877,693,19,0.42,200000,1,0,0,0.245,0,1
0,26,2,24244,620,2,0.37,250000,0,0,0,0.187,0,0
1,33,1,20000,671,10,0.17,200000,3,0,0,0.266,0,0
0,22,2,25356,689,0,0.22,150000,1,1,0,0.204,0,0
0,65,2,24942,746,43,0.25,100000,0,0,0,0.09,0,1
0,43,4,53467,690,19,0.24,250000,0,0,1,0.172,0,1
0,59,2,26868,686,36,0.25,150000,2,0,1,0.272,0,1
1,40,2,26554,649,18,0.42,250000,2,0,1,0.179,0,0
1,37,2,25952,653,15,0.17,200000,1,0,0,0.295,0,0
0,52,2,26971,718,28,0.2,200000,1,0,0,0.164,0,1
0,24,3,40192,677,0,0.37,300000,1,0,1,0.258,0,1
0,44,1,20000,715,22,0.21,200000,2,0,0,0.057,0,0
1,63,2,25745,677,39,0.28,50000,3,0,1,0.182,1,1
1,39,4,50409,637,17,0.32,100000,2,1,1,0.169,1,1
1,47,1,20000,631,25,0.28,50000,0,0,0,0.088,0,0
1,34,3,40879,823,10,0.26,100000,0,0,1,0.289,1,1
0,39,2,27777,674,16,0.32,50000,0,0,1,0.149,0,1
0,24,2,26115,591,2,0.19,150000,2,0,1,0.141,0,0
1,44,1,20000,607,20,0.22,50000,0,0,1,0.304,0,0
1,24,2,26267,640,2,0.29,150000,1,0,0,0.213,0,0
1,46,2,26267,630,24,0.11,250000,2,0,1,0.262,1,1
1,48,2,25496,619,26,0.35,200000,1,0,1,0.064,0,0
0,65,2,26777,760,41,0.27,300000,2,0,1,0.136,0,1
0,48,2,26796,716,24,0.26,100000,2,0,1,0.367,0,1
1,60,3,39990,679,36,0.14,150000,1,0,0,0.268,1,1
0,46,4,50385,667,23,0.16,100000,3,0,0,0.114,0,1
0,45,1,20000,661,23,0.22,150000,2,0,1,0.218,0,0
0,29,2,24929,777,6,0.31,150000,1,0,0,0.12,0,1
1,30,3,40677,642,8,0.1,50000,3,0,1,0.312,1,1
0,58,3,40324,603,34,0.31,100000,2,0,0,0.02,0,1
1,51,1,20000,706,29,0.22,200000,2,0,0,0.222,1,1
1,40,2,24491,735,18,0.23,200000,2,0,0,0.221,1,1
1,37,2,24356,759,15,0.27,150000,1,0,0,0.111,1,1
1,45,1,20000,650,22,0.27,100000,1,0,1,0.178,0,0
1,65,4,50214,681,41,0.2,150000,2,0,1,0.23,1,1
1,42,3,38403,800,18,0.29,50000,0,0,1,0.058,1,1
1,57,3,40841,722,35,0.09,300000,3,0,1,0.098,1,1
0,61,2,27930,675,37,0.22,250000,1,1,0,0.188,0,0
0,60,1,20000,697,37,0.26,50000,2,1,1,0.133,0,0
1,27,3,37826,666,4,0.23,100000,1,0,1,0.163,1,1
0,26,1,20000,686,2,0.12,150000,1,0,0,0.198,0,0
0,35,2,25121,695,12,0.3,100000,2,0,1,0.127,0,1
0,63,2,26575,725,40,0.16,300000,2,0,1,0.198,0,1
1,25,2,26963,625,1,0.25,200000,0,0,1,0.224,0,0
0,29,2,24665,699,5,0.26,100000,0,0,1,0.262,0,1
0,45,2,27599,615,23,0.25,50000,3,0,0,0.1,0,0
0,32,3,39757,793,10,0.33,200000,3,0,1,0.15,0,1
1,38,3,39028,666,15,0.25,150000,0,0,0,0.247,1,1
1,42,1,20000,578,18,0.28,200000,1,0,0,0.081,0,0
0,47,3,39582,842,24,0.25,100000,0,0,1,0.208,1,1
1,64,2,24553,651,40,0.29,100000,4,0,0,0.202,1,1
1,65,2,25572,685,42,0.35,200000,0,0,1,0.02,1,1
1,48,3,37327,596,25,0.26,150000,0,0,1,0.16,1,1
0,37,2,26949,677,14,0.3,100000,0,0,1,0.226,0,1
0,47,2,25188,771,25,0.35,100000,2,0,1,0.183,0,1
1,54,3,40187,728,30,0.35,150000,3,1,1,0.162,1,1
0,52,4,50149,606,29,0.22,200000,1,0,1,0.212,0,1
1,27,2,27589,638,5,0.32,100000,0,0,1,0.279,0,0
0,65,1,20000,720,42,0.27,200000,2,0,1,0.243,0,1
0,29,2,24656,715,6,0.33,100000,0,0,1,0.14,0,1
0,28,2,26853,653,4,0.29,100000,0,1,0,0.083,0,0
0,55,2,25936,701,32,0.27,200000,3,0,0,0.242,0,1
1,65,2,24292,614,41,0.28,200000,3,0,0,0.106,0,0
0,35,3,39966,618,13,0.27,100000,4,0,1,0.158,0,1
1,37,1,20000,532,15,0.27,100000,1,0,1,0.216,0,0
0,64,2,24956,730,41,0.24,50000,0,1,1,0.292,0,1
0,30,2,27248,674,8,0.23,250000,2,0,0,0.303,0,0
0,31,2,25084,680,7,0.37,50000,0,0,0,0.205,0,0
1,38,4,51612,531,14,0.28,50000,0,0,1,0.159,1,1
0,33,2,24415,677,11,0.21,100000,0,0,0,0.104,0,0
1,27,3,40454,720,3,0.23,150000,4,0,1,0.357,1,1
1,40,4,52645,585,16,0.32,200000,2,0,1,0.177,1,1
0,64,3,40774,692,41,0.2,100000,0,0,1,0.254,0,1
1,62,1,20000,666,39,0.15,150000,0,0,1,0.216,1,1
0,50,4,50917,674,26,0.15,50000,3,0,1,0.16,0,1
1,27,1,20000,741,5,0.13,150000,3,0,1,0.157,1,1
1,46,1,20000,728,22,0.16,100000,2,0,0,0.089,1,1
0,45,2,24956,850,22,0.17,100000,0,0,1,0.29,1,1
1,46,1,20000,603,24,0.35,150000,1,0,0,0.19,0,0
1,37,1,20000,693,13,0.25,200000,2,1,1,0.314,0,0
0,37,2,25794,762,15,0.22,200000,4,0,1,0.164,0,1
1,27,2,25416,641,5,0.15,150000,0,1,1,0.176,0,0
0,58,3,38070,783,36,0.24,50000,1,1,0,0.109,0,1
1,42,1,20000,690,18,0.13,100000,0,1,1,0.175,0,0
0,25,2,25521,583,2,0.22,150000,1,0,0,0.101,0,0
0,55,4,52653,629,33,0.39,250000,0,0,0,0.232,0,1
0,49,2,25501,648,27,0.3,300000,3,1,1,0.209,0,0
1,59,3,39473,685,35,0.24,200000,0,0,1,0.318,1,1
0,62,4,52473,768,39,0.3,150000,1,0,0,0.083,1,1
0,49,1,20000,665,26,0.21,200000,1,0,0,0.297,0,0
0,38,2,26838,745,14,0.19,100000,3,0,1,0.122,0,1
1,35,3,39562,695,13,0.37,200000,2,1,0,0.228,0,0
0,28,4,51152,700,4,0.17,100000,0,0,0,0.108,0,1
0,43,3,40906,673,20,0.23,100000,0,0,1,0.216,0,1
1,22,1,20000,724,0,0.27,50000,2,0,1,0.02,0,0
1,50,4,50740,707,28,0.18,150000,1,0,1,0.146,1,1
0,52,1,20000,629,29,0.3,150000,0,0,0,0.208,0,0
1,51,2,24130,698,29,0.23,200000,2,1,0,0.34,0,0
0,36,2,25763,654,12,0.3,200000,0,1,0,0.03,0,0
0,39,2,25712,651,16,0.29,300000,4,0,0,0.2,0,0
0,56,3,37322,755,33,0.23,50000,0,0,0,0.159,0,1
1,51,3,37822,681,29,0.37,150000,0,0,1,0.047,1,1
1,55,3,40971,807,32,0.2,150000,1,0,0,0.11,1,1
0,63,1,20000,710,39,0.34,200000,1,0,0,0.162,0,1
1,32,2,26113,637,9,0.33,100000,0,0,0,0.237,0,0
0,48,3,39765,644,26,0.37,50000,2,0,0,0.207,0,1
1,45,2,27172,611,22,0.26,100000,1,0,0,0.095,0,0
1,56,4,51855,733,34,0.19,300000,0,0,0,0.053,1,1
1,60,3,39078,642,38,0.4,250000,3,0,0,0.233,1,1
1,29,3,37884,565,5,0.23,150000,4,0,1,0.184,0,0
0,39,1,20000,579,16,0.19,250000,2,0,1,0.329,0,0
1,34,3,40649,629,10,0.24,50000,3,0,1,0.172,1,1
1,45,4,50414,718,21,0.18,100000,0,0,0,0.291,1,1
1,44,2,25838,675,21,0.29,200000,0,1,0,0.244,0,0
1,33,3,39794,741,9,0.21,100000,1,0,1,0.266,1,1
1,51,2,25813,630,27,0.23,100000,4,1,0,0.235,0,0
0,52,2,27785,662,30,0.32,250000,1,0,1,0.236,0,1
1,49,3,40571,786,25,0.29,150000,0,0,1,0.02,1,1
1,43,3,40933,671,20,0.25,300000,1,0,1,0.181,1,1
1,65,4,51760,712,43,0.26,100000,0,1,0,0.147,1,1
0,49,2,27666,643,25,0.25,150000,0,0,0,0.302,0,0
1,34,2,25069,667,10,0.22,100000,1,0,1,0.12,0,0
1,46,3,40160,716,23,0.25,250000,1,1,1,0.178,1,1
0,65,1,20000,706,41,0.28,100000,0,0,1,0.264,0,1
0,28,2,24374,686,5,0.24,150000,0,0,0,0.224,0,0
1,27,1,20000,655,3,0.28,100000,2,1,1,0.213,0,0
1,45,1,20000,677,21,0.19,200000,2,0,1,0.289,0,0
0,40,3,37557,649,17,0.21,100000,1,0,1,0.221,0,1
1,40,3,38280,678,18,0.2,50000,2,0,0,0.156,1,1
0,57,1,20000,688,34,0.21,150000,0,0,1,0.096,0,1
0,30,2,25944,734,8,0.34,150000,0,0,1,0.239,0,1
1,57,1,20000,619,35,0.3,100000,3,0,1,0.138,0,0
1,59,2,25128,670,36,0.17,100000,1,0,1,0.181,1,1
1,61,1,20000,614,38,0.28,250000,1,0,1,0.286,0,0
0,50,2,27597,655,26,0.22,50000,4,0,1,0.182,0,1
1,45,3,38324,745,21,0.2,50000,1,0,0,0.164,1,1
1,26,3,38100,660,4,0.15,100000,0,0,1,0.178,1,1
0,63,2,25534,674,39,0.32,300000,4,0,0,0.18,0,1
0,47,3,38253,621,24,0.15,50000,0,0,0,0.121,0,1
1,35,4,51702,669,13,0.25,200000,2,0,1,0.334,1,1
0,60,2,26625,594,36,0.18,250000,1,0,0,0.156,0,0
1,50,2,24031,695,26,0.3,150000,1,0,0,0.263,1,1
1,27,2,25631,700,4,0.23,100000,1,0,0,0.119,0,0
1,28,2,24057,698,5,0.24,200000,1,0,0,0.244,0,0
1,58,3,38127,712,34,0.24,200000,2,0,1,0.214,1,1
1,39,3,37311,708,17,0.27,200000,4,0,1,0.202,1,1
1,44,2,27717,596,22,0.25,250000,0,0,1,0.214,0,0
0,65,3,38752,646,42,0.25,100000,3,1,0,0.233,0,1
0,59,3,40138,566,36,0.21,200000,0,0,0,0.182,0,1
0,22,1,20000,644,0,0.14,100000,0,0,1,0.186,0,0
1,25,1,20000,622,1,0.17,150000,4,1,0,0.246,0,0
1,65,4,51397,697,41,0.3,150000,1,0,1,0.109,1,1
1,56,4,51782,835,33,0.23,100000,0,0,1,0.096,1,1
0,44,3,40877,733,22,0.2,50000,2,0,0,0.214,0,1
0,48,4,52282,784,25,0.15,100000,0,0,1,0.039,1,1
1,47,2,26690,725,24,0.13,150000,1,0,0,0.065,1,1
1,29,2,27183,674,7,0.2,250000,2,0,1,0.344,1,1
1,64,2,25412,679,42,0.31,150000,3,0,0,0.324,1,1
1,37,1,20000,717,15,0.21,200000,0,0,0,0.154,0,0
1,62,3,40125,703,40,0.28,100000,0,0,1,0.28,1,1
0,24,4,50801,684,0,0.21,50000,0,0,0,0.283,0,1
0,53,3,37238,768,29,0.29,100000,0,0,1,0.238,1,1
1,26,2,25775,704,3,0.23,100000,4,0,1,0.194,1,1
1,41,2,25318,601,17,0.16,150000,4,1,0,0.25,0,0
0,35,1,20000,660,12,0.23,250000,2,0,0,0.264,0,0
1,53,2,27159,682,30,0.38,150000,2,1,0,0.251,0,0
1,47,3,40811,667,25,0.38,150000,3,0,0,0.076,1,1
1,27,2,26523,658,5,0.28,50000,0,0,0,0.363,0,0
1,57,4,52351,677,33,0.24,50000,0,0,1,0.392,1,1
1,61,3,38328,591,37,0.27,50000,1,0,0,0.047,1,1
0,26,1,20000,562,2,0.27,200000,3,0,0,0.241,0,0
1,34,1,20000,634,10,0.25,150000,1,1,0,0.364,0,0
1,53,3,39915,667,31,0.28,100000,1,0,1,0.28,1,1
0,37,2,27974,606,15,0.26,150000,0,0,1,0.281,0,0
1,22,3,38809,633,0,0.23,150000,2,0,1,0.085,1,1
0,34,2,24581,666,11,0.17,50000,3,0,0,0.263,0,0
0,32,2,24369,736,10,0.22,200000,1,0,0,0.219,0,1
1,29,2,24219,733,7,0.31,200000,2,0,0,0.262,1,1
0,46,2,27302,734,24,0.25,100000,1,0,0,0.117,0,1
1,61,3,39849,634,39,0.27,200000,2,0,1,0.114,1,1
0,53,1,20000,657,29,0.23,100000,1,0,1,0.189,0,0
1,45,4,51896,767,21,0.18,200000,1,0,0,0.17,1,1
0,49,3,37348,592,26,0.23,250000,1,0,1,0.187,0,1
0,35,3,39302,664,13,0.18,150000,0,0,1,0.162,0,1
1,24,1,20000,682,0,0.17,100000,3,0,1,0.184,0,0
1,57,3,39189,596,33,0.33,150000,4,0,0,0.147,1,1
0,48,2,27140,703,26,0.22,100000,1,0,0,0.196,0,1
0,41,2,24088,765,17,0.2,50000,0,0,0,0.086,0,1
1,36,3,37870,757,12,0.36,200000,2,0,0,0.241,1,1
0,48,2,25159,670,24,0.31,50000,1,1,0,0.221,0,0
1,62,3,40726,734,39,0.22,100000,0,0,1,0.099,1,1
1,49,2,26042,585,25,0.28,200000,0,0,0,0.306,0,0
1,46,3,38874,705,24,0.23,200000,3,0,1,0.134,1,1
1,63,1,20000,653,41,0.2,50000,2,0,1,0.295,1,1
0,65,3,37522,681,43,0.28,200000,3,0,0,0.226,0,1
1,54,4,52707,705,30,0.23,300000,1,0,0,0.28,1,1
0,35,2,26998,701,12,0.26,50000,2,1,1,0.214,0,0
1,29,2,27875,600,5,0.32,150000,2,0,1,0.245,0,0
1,35,3,40921,636,13,0.31,200000,1,0,1,0.279,1,1
1,22,1,20000,655,0,0.21,200000,3,0,1,0.353,0,0
1,37,2,24441,582,14,0.28,100000,4,0,1,0.286,0,0
1,39,2,24037,687,15,0.17,100000,3,0,1,0.236,1,1
1,28,3,38880,735,6,0.28,200000,2,0,0,0.092,1,1
0,36,3,40279,766,12,0.26,300000,2,0,1,0.02,0,1
1,45,3,37209,695,23,0.28,200000,2,0,1,0.19,1,1
1,34,3,39560,793,11,0.23,300000,3,0,0,0.143,1,1
1,30,3,40431,688,6,0.4,150000,1,0,0,0.146,1,1
0,36,2,25600,610,13,0.19,250000,0,0,1,0.193,0,0
0,56,2,27072,676,34,0.32,200000,2,0,1,0.253,0,1
1,45,2,27826,668,22,0.18,250000,3,0,0,0.15,1,1
1,54,4,50980,728,31,0.29,100000,1,0,1,0.272,1,1
1,37,3,37380,704,14,0.29,200000,2,0,1,0.203,1,1
0,29,2,26875,690,5,0.25,100000,0,1,1,0.203,0,0
1,50,3,38560,743,28,0.22,50000,4,0,1,0.35,1,1
1,44,2,26906,656,21,0.26,150000,2,0,1,0.214,1,1
1,52,3,37393,719,29,0.27,100000,2,0,0,0.196,1,1
1,61,2,25073,695,38,0.38,50000,2,1,0,0.242,0,0
1,35,2,24395,686,12,0.19,300000,3,0,0,0.344,1,1
0,51,3,40931,686,29,0.21,200000,3,0,0,0.196,0,1
1,60,3,38776,620,38,0.27,250000,3,0,0,0.235,1,1
0,48,2,26079,666,24,0.23,300000,0,0,0,0.191,0,1
1,37,2,24544,669,15,0.24,150000,0,0,1,0.192,1,1
1,27,3,39759,650,5,0.32,100000,3,0,0,0.161,0,0
0,54,3,40305,615,31,0.05,100000,4,0,1,0.155,0,1
1,65,4,53097,669,41,0.21,150000,1,0,0,0.336,1,1
0,39,2,27625,653,15,0.13,150000,0,0,0,0.156,0,0
1,37,4,53505,626,14,0.17,150000,1,0,0,0.077,1,1
1,33,3,38084,616,9,0.42,150000,1,0,0,0.21,0,0
0,41,3,37552,574,19,0.29,100000,2,1,0,0.281,0,0
1,61,3,38464,706,37,0.32,150000,0,0,0,0.299,1,1
0,50,2,25153,733,27,0.24,50000,0,0,1,0.104,0,1
1,51,1,20000,670,27,0.3,250000,3,1,0,0.289,0,0
0,47,3,38377,667,23,0.13,50000,0,0,0,0.365,0,1
1,43,2,26245,603,19,0.32,150000,2,1,0,0.145,0,0
1,54,3,39846,568,31,0.19,50000,1,0,1,0.186,1,1
0,60,2,25686,678,38,0.21,200000,2,0,0,0.101,0,1
0,50,2,25739,713,26,0.29,100000,0,0,0,0.348,0,1
0,43,2,24693,634,21,0.27,50000,0,0,0,0.081,0,0
0,34,3,40442,748,12,0.26,150000,1,0,1,0.168,0,1
0,30,2,27995,642,8,0.15,250000,3,0,1,0.263,0,0
1,45,3,40790,749,21,0.26,250000,2,0,0,0.145,1,1
1,36,2,26194,637,14,0.32,100000,0,1,1,0.121,0,0
1,57,3,38739,543,33,0.21,200000,3,0,1,0.196,1,1
1,34,1,20000,704,10,0.34,50000,0,0,0,0.391,0,0
1,48,2,26095,629,24,0.19,100000,4,0,0,0.18,0,0
1,65,3,39817,605,43,0.25,150000,0,0,1,0.183,1,1
1,58,2,26698,706,34,0.36,100000,1,0,1,0.111,1,1
0,28,2,25195,631,5,0.2,200000,0,0,0,0.231,0,0
1,29,4,50612,622,6,0.32,300000,2,0,0,0.271,1,1
1,58,2,26746,752,35,0.39,50000,1,1,1,0.151,1,1
1,62,2,27967,668,38,0.26,100000,1,0,0,0.243,1,1
0,35,2,25338,601,12,0.21,150000,0,0,0,0.152,0,0
0,33,2,24375,654,9,0.2,150000,3,0,0,0.049,0,0
0,57,2,24805,797,33,0.34,250000,3,0,0,0.237,0,1
1,61,2,24920,686,37,0.34,250000,2,0,1,0.366,1,1
1,38,3,37874,654,16,0.35,200000,2,1,0,0.104,0,0
1,61,2,27604,707,38,0.25,100000,2,0,1,0.214,1,1
1,50,3,39857,665,26,0.32,200000,0,0,0,0.305,1,1
1,48,2,25443,651,25,0.25,100000,4,1,1,0.192,0,0
1,22,2,26952,643,0,0.19,300000,0,0,0,0.086,0,0
1,55,1,20000,716,33,0.33,50000,2,0,1,0.204,1,1
0,25,3,38545,700,2,0.36,150000,2,0,0,0.319,0,1
0,45,3,38210,768,21,0.18,50000,2,0,1,0.159,0,1
1,42,3,38005,706,18,0.18,150000,3,0,1,0.219,1,1
1,54,2,27716,764,31,0.25,200000,0,0,0,0.116,1,1
1,28,3,39080,725,5,0.32,200000,2,1,1,0.192,1,1
1,22,3,39116,675,0,0.17,200000,2,0,0,0.231,1,1
0,62,1,20000,662,38,0.27,150000,0,1,1,0.21,0,0
1,24,2,25214,780,1,0.21,100000,1,0,1,0.165,1,1
0,65,2,26148,751,42,0.3,250000,3,0,1,0.235,0,1
1,36,3,38508,775,12,0.19,200000,1,1,0,0.254,1,1
0,52,1,20000,614,29,0.3,100000,1,1,0,0.259,0,0
1,37,3,37913,586,15,0.24,250000,1,0,0,0.177,0,0
0,31,2,26780,633,8,0.18,300000,2,0,0,0.15,0,0
1,50,2,24389,689,27,0.25,200000,3,0,0,0.357,1,1
0,27,2,27636,644,5,0.11,100000,0,0,0,0.211,0,0
1,50,2,24159,681,28,0.21,150000,1,1,1,0.179,0,0
1,38,1,20000,645,16,0.27,150000,1,0,1,0.082,0,0
0,43,1,20000,572,19,0.13,200000,0,0,1,0.125,0,0
0,45,3,38070,713,22,0.07,150000,3,0,1,0.149,0,1
0,38,2,27230,681,15,0.09,250000,0,0,0,0.235,0,1
0,42,2,25469,753,20,0.34,150000,0,0,1,0.172,0,1
0,32,2,24695,688,8,0.24,100000,2,0,1,0.201,0,1
1,28,2,24757,723,6,0.21,200000,0,1,0,0.085,0,0
1,63,1,20000,624,40,0.32,100000,2,0,1,0.312,0,0
1,60,2,27737,699,36,0.22,100000,3,0,1,0.141,1,1
0,26,2,26779,724,2,0.27,150000,0,0,1,0.219,0,1
1,65,2,26202,710,42,0.25,50000,0,0,1,0.158,1,1
1,42,4,50338,687,18,0.22,300000,0,0,1,0.175,1,1
0,39,2,25976,699,15,0.27,150000,0,0,1,0.136,0,1
0,56,2,27436,714,34,0.3,200000,0,1,0,0.224,0,1
1,41,2,24794,746,17,0.24,100000,3,0,1,0.122,1,1
1,36,1,20000,639,14,0.22,200000,2,0,0,0.225,0,0
1,26,3,38597,628,2,0.23,150000,0,0,1,0.19,1,1
1,34,2,27219,634,12,0.09,150000,3,0,0,0.25,0,0
1,33,1,20000,677,11,0.27,300000,0,0,1,0.258,0,0
0,42,3,38167,690,18,0.17,150000,2,0,1,0.175,0,1
0,58,1,20000,704,36,0.29,200000,0,0,1,0.229,0,1
0,27,4,52859,745,4,0.24,50000,0,0,1,0.164,0,1
1,28,3,37092,586,5,0.26,100000,2,0,0,0.305,0,0
0,47,2,24974,653,23,0.3,250000,1,0,0,0.171,0,0
1,63,1,20000,681,39,0.19,200000,2,0,1,0.184,1,1
1,29,2,25447,741,5,0.28,150000,1,0,1,0.162,1,1
0,30,2,24118,677,7,0.27,250000,0,0,1,0.141,0,0
1,48,2,26032,755,24,0.24,150000,2,0,1,0.363,1,1
1,25,2,26076,710,1,0.19,150000,3,0,1,0.239,1,1
0,42,4,53060,720,20,0.29,150000,0,0,1,0.205,1,1
1,52,2,25534,673,28,0.3,200000,1,0,1,0.162,1,1
0,42,3,40101,688,19,0.26,100000,2,0,0,0.289,0,1
1,61,3,39919,708,38,0.18,150000,2,0,1,0.156,1,1
0,46,3,38389,679,22,0.21,300000,2,0,0,0.21,0,1
1,60,1,20000,731,37,0.25,50000,2,0,0,0.376,1,1
1,36,2,27209,728,14,0.3,50000,4,0,1,0.123,1,1
0,56,3,37474,755,34,0.14,50000,1,0,1,0.243,1,1
1,64,3,39610,632,40,0.21,100000,2,0,1,0.223,1,1
1,62,4,53463,640,38,0.22,150000,2,0,0,0.242,1,1
1,58,3,37434,716,36,0.24,50000,2,0,1,0.177,1,1
1,63,2,26851,675,41,0.16,150000,1,0,1,0.153,1,1
1,49,2,25257,694,25,0.23,150000,2,0,1,0.218,1,1
1,35,1,20000,608,12,0.23,200000,2,0,0,0.164,0,0
0,25,3,37930,609,1,0.18,300000,2,0,1,0.02,0,0
1,41,2,25315,692,17,0.24,150000,0,0,1,0.134,1,1
1,55,3,39799,648,31,0.21,50000,1,0,1,0.175,1,1
1,33,4,50311,739,9,0.28,50000,3,0,0,0.114,1,1
1,54,3,38571,656,30,0.19,200000,3,0,0,0.212,1,1
0,45,2,27160,631,21,0.26,200000,2,0,0,0.139,0,0
1,41,1,20000,545,17,0.19,100000,2,0,1,0.197,0,0
0,26,3,37956,758,3,0.21,100000,0,0,0,0.373,0,1
1,59,1,20000,708,35,0.27,200000,1,0,1,0.298,1,1
0,51,1,20000,587,29,0.27,150000,0,0,1,0.247,0,0
1,45,2,24756,570,21,0.22,150000,3,1,0,0.345,0,0
0,64,2,26512,647,41,0.23,100000,0,0,0,0.194,0,1
0,61,1,20000,722,39,0.15,200000,2,0,0,0.195,0,1
1,28,4,51432,671,4,0.35,200000,3,1,0,0.116,1,1
1,57,4,51263,688,33,0.3,250000,3,0,1,0.302,1,1
1,59,4,51855,754,37,0.3,200000,2,0,0,0.357,1,1
0,37,1,20000,615,13,0.14,150000,2,0,1,0.273,0,0
1,36,4,53128,662,13,0.21,200000,2,0,0,0.314,1,1
1,44,4,53184,712,20,0.23,150000,1,0,1,0.02,1,1
0,33,4,52782,684,10,0.11,100000,0,0,1,0.387,0,1
1,50,3,38093,641,26,0.31,250000,0,0,0,0.192,1,1
0,65,3,39786,728,43,0.35,150000,0,0,1,0.388,1,1
0,36,1,20000,698,13,0.39,150000,4,0,0,0.339,0,0
0,50,3,40763,735,26,0.18,300000,0,0,1,0.262,0,1
0,64,1,20000,661,40,0.26,300000,2,0,1,0.173,0,1
1,42,2,27774,583,20,0.34,150000,0,0,1,0.213,0,0
1,36,4,50743,700,14,0.23,50000,4,0,1,0.047,1,1
1,35,2,26323,615,12,0.21,150000,1,0,0,0.274,0,0
1,63,1,20000,558,40,0.12,300000,1,0,0,0.02,0,0
0,65,4,52101,684,42,0.33,100000,1,1,0,0.176,0,1
0,37,4,50256,705,13,0.25,300000,3,0,0,0.323,0,1
1,36,1,20000,757,12,0.2,50000,0,0,0,0.258,1,1
1,63,3,39137,623,40,0.27,150000,3,1,1,0.078,1,1
0,25,2,25761,717,1,0.26,150000,2,1,1,0.093,0,0
1,48,2,27830,592,26,0.26,100000,0,0,1,0.152,0,0
1,44,2,25929,749,20,0.23,300000,0,0,1,0.206,1,1
1,50,1,20000,631,27,0.36,150000,2,0,1,0.27,0,0
0,62,2,25458,661,38,0.24,100000,0,0,0,0.248,0,1
0,30,1,20000,652,8,0.36,150000,3,0,0,0.115,0,0
0,64,4,50407,741,41,0.29,200000,0,0,0,0.249,1,1
0,64,3,40340,610,41,0.27,100000,2,0,1,0.258,0,1
1,28,4,51692,690,5,0.24,250000,2,0,1,0.239,1,1
1,63,3,38977,654,40,0.32,100000,2,0,1,0.398,1,1
0,25,1,20000,790,1,0.26,100000,1,1,0,0.258,0,0
1,26,4,53930,640,4,0.18,100000,3,0,1,0.277,1,1
0,26,4,52398,557,2,0.18,50000,2,0,0,0.35,0,0
0,32,2,25322,773,8,0.28,100000,1,0,1,0.268,0,1
0,62,1,20000,697,39,0.19,300000,2,0,1,0.156,0,1
0,49,3,38182,646,27,0.25,50000,2,0,0,0.299,0,1
0,37,3,39534,688,13,0.32,100000,4,0,0,0.168,0,1
0,62,4,50841,655,40,0.27,100000,3,0,1,0.121,0,1
1,51,1,20000,562,29,0.2,150000,0,0,1,0.128,0,0
1,25,1,20000,660,3,0.35,200000,0,0,0,0.299,0,0
1,23,2,27597,670,1,0.29,200000,4,0,1,0.25,0,0
0,24,3,38378,708,0,0.32,50000,0,0,1,0.285,0,1
1,42,1,20000,616,20,0.09,200000,4,0,0,0.25,0,0
0,27,2,24929,637,3,0.27,200000,2,0,0,0.215,0,0
1,64,2,26448,659,42,0.31,150000,0,0,0,0.225,1,1
0,39,3,40476,636,17,0.37,150000,1,0,0,0.247,0,1
1,65,2,27167,742,41,0.15,200000,1,0,0,0.152,1,1
0,26,2,25730,726,3,0.33,150000,3,0,0,0.097,0,0
1,30,3,39617,661,6,0.37,100000,1,0,0,0.161,1,1
1,41,4,50974,729,19,0.11,100000,1,0,0,0.244,1,1
1,49,2,24391,611,25,0.28,150000,4,0,1,0.148,0,0
0,47,2,24351,654,25,0.29,100000,0,1,1,0.37,0,0
1,39,4,52853,780,15,0.23,150000,2,0,0,0.235,1,1
1,40,2,25689,715,16,0.22,250000,1,0,1,0.21,1,1
0,24,3,37575,705,0,0.3,150000,0,0,0,0.151,0,1
0,30,3,38693,670,7,0.21,150000,0,1,1,0.273,0,0
0,57,2,26824,677,33,0.23,200000,1,0,1,0.103,0,1
1,52,3,39680,609,28,0.31,200000,0,0,1,0.225,1,1
1,38,3,38311,672,15,0.37,150000,1,0,1,0.165,1,1
0,44,2,24522,700,21,0.29,150000,2,0,1,0.21,0,1
1,55,1,20000,668,33,0.26,200000,2,0,0,0.239,0,0
0,62,4,50161,698,40,0.21,100000,1,0,1,0.108,1,1
1,62,2,27688,644,38,0.18,150000,1,0,1,0.066,1,1
1,26,3,38937,640,4,0.33,50000,0,0,1,0.125,1,1
1,36,4,50658,645,12,0.24,300000,0,0,0,0.27,1,1
1,24,2,27253,666,1,0.33,50000,1,1,1,0.23,0,0
1,40,3,39897,730,17,0.23,100000,4,0,1,0.168,1,1
1,49,4,51572,652,25,0.2,150000,0,0,1,0.357,1,1
0,24,2,26129,682,2,0.28,250000,1,0,0,0.303,0,0
1,59,2,24523,680,37,0.24,150000,2,0,0,0.283,1,1
0,25,4,50003,751,3,0.17,200000,2,0,0,0.142,0,1
0,45,1,20000,670,21,0.38,200000,4,0,0,0.283,0,0
0,52,1,20000,588,30,0.21,200000,0,0,0,0.227,0,0
1,32,4,53994,816,9,0.31,250000,0,0,0,0.142,1,1
0,58,3,38074,743,35,0.31,50000,1,0,1,0.192,0,1
0,22,4,51284,726,0,0.16,250000,0,0,1,0.117,0,1
0,30,1,20000,638,7,0.18,250000,1,0,1,0.143,0,0
0,38,1,20000,652,15,0.23,300000,3,0,1,0.108,0,0
0,22,1,20000,591,0,0.19,200000,2,0,1,0.277,0,0
0,24,3,39615,671,1,0.37,250000,0,0,0,0.194,0,1
1,47,3,40288,699,24,0.24,100000,0,1,1,0.125,1,1
0,52,2,24877,678,29,0.31,100000,3,0,1,0.241,0,1
1,47,1,20000,766,23,0.29,100000,1,0,0,0.2,1,1
0,44,3,40059,726,20,0.27,50000,4,0,0,0.284,0,1
1,51,2,27062,733,28,0.25,200000,2,1,0,0.211,1,1
1,31,1,20000,699,8,0.34,100000,4,0,1,0.085,0,0
0,29,4,53627,708,6,0.19,50000,3,0,0,0.16,0,1
0,65,1,20000,695,43,0.37,200000,1,0,1,0.107,0,1